title,category,source,price,url,trend_score,competition_level,notes,scraped_at
.self: A new top-level domain designed to support self-hosting,ai-content,Hacker News,,https://hccf.onmy.cloud/2026/06/21/reclaiming-our-digital-selves-hccfs-vision-for-a-human-centered-top-level-domain/,76,medium,HN story with 326 points,2026-06-30 08:59:27
Working With AI: A concrete example,ai-content,Hacker News,,https://htmx.org/essays/working-with-ai/,64,medium,HN story with 89 points,2026-06-30 08:59:27
South Korea to spend $1T on more memory chip production and humanoid robots,trending-products,Hacker News,,https://arstechnica.com/ai/2026/06/south-korea-to-spend-1t-on-more-memory-chip-production-and-humanoid-robots/,55,medium,HN story with 115 points,2026-06-30 08:59:27
"Wallace the 6 inch f/2.8 telescope, building it, and hiking with it",trending-products,Hacker News,,https://lucassifoni.info/blog/hiking-with-wallace/,55,medium,HN story with 114 points,2026-06-30 08:59:27
deepseek-ai/DeepSpec: DeepSpec: a full-stack codebase for training and evaluating speculative decoding,ai-content,GitHub Trending,,https://github.com/deepseek-ai/DeepSpec,100,low,New repo with 3904 stars today,2026-06-30 09:00:32
winsznx/theeleven: Eleven autonomous AI agents open live football prop markets on X Layer — custom ,ai-content,GitHub Trending,,https://github.com/winsznx/theeleven,100,low,New repo with 715 stars today,2026-06-30 09:00:32
"baairon/torlink: A sleek, zero-setup torrent finder and downloader that lives right in your termi",ai-content,GitHub Trending,,https://github.com/baairon/torlink,100,low,New repo with 672 stars today,2026-06-30 09:00:32
"benchflow-ai/awesome-evals: A curated, non-BS library of the best resources for building and evaluating AI a",ai-content,GitHub Trending,,https://github.com/benchflow-ai/awesome-evals,100,low,New repo with 589 stars today,2026-06-30 09:00:32
"Pluviobyte/video-production-skills: Reusable AI video production skills library for creation, recreation, motion des",ai-content,GitHub Trending,,https://github.com/Pluviobyte/video-production-skills,100,low,New repo with 445 stars today,2026-06-30 09:00:32
tdeverx/contained-app: A native macOS app for Apple's Container CLI,ai-content,GitHub Trending,,https://github.com/tdeverx/contained-app,100,low,New repo with 406 stars today,2026-06-30 09:00:32
amplifthq/opentag: Open-source @agent mentions for Slack and GitHub. OpenTag routes tagged requests,ai-content,GitHub Trending,,https://github.com/amplifthq/opentag,100,low,New repo with 371 stars today,2026-06-30 09:00:32
blknoiz0632/CandyDrop: Cut the rope. Feed the monster. Earn real Solana. A skill-based play-to-earn puz,ai-content,GitHub Trending,,https://github.com/blknoiz0632/CandyDrop,100,low,New repo with 358 stars today,2026-06-30 09:00:32
PMTraderAdam/pm-copy-trader: polymarket copytrading bot || polymarket copytradingbot || polymarket copy tradi,trending-products,GitHub Trending,,https://github.com/PMTraderAdam/pm-copy-trader,100,low,New repo with 316 stars today,2026-06-30 09:00:32
abundantbeing/hermes-browser-extension: Browser-native side panel for Hermes Agent — connect web context to your local H,ai-content,GitHub Trending,,https://github.com/abundantbeing/hermes-browser-extension,100,low,New repo with 314 stars today,2026-06-30 09:00:32
"xxniiinxx/coinflip-casino-game: A full-stack, peer-to-peer coinflip betting casino game on Solana. Players conne",ai-content,GitHub Trending,,https://github.com/xxniiinxx/coinflip-casino-game,100,low,New repo with 312 stars today,2026-06-30 09:00:32
.self: A new top-level domain designed to support self-hosting,ai-content,Hacker News,,https://hccf.onmy.cloud/2026/06/21/reclaiming-our-digital-selves-hccfs-vision-for-a-human-centered-top-level-domain/,76,medium,HN story with 328 points,2026-06-30 09:00:32
Working With AI: A concrete example,ai-content,Hacker News,,https://htmx.org/essays/working-with-ai/,64,medium,HN story with 89 points,2026-06-30 09:00:32
South Korea to spend $1T on more memory chip production and humanoid robots,trending-products,Hacker News,,https://arstechnica.com/ai/2026/06/south-korea-to-spend-1t-on-more-memory-chip-production-and-humanoid-robots/,55,medium,HN story with 115 points,2026-06-30 09:00:32
"Wallace the 6 inch f/2.8 telescope, building it, and hiking with it",trending-products,Hacker News,,https://lucassifoni.info/blog/hiking-with-wallace/,55,medium,HN story with 114 points,2026-06-30 09:00:32
deepseek-ai/DeepSpec: DeepSpec: a full-stack codebase for training and evaluating speculative decoding,ai-content,GitHub Trending,,https://github.com/deepseek-ai/DeepSpec,100,low,New repo with 3907 stars today,2026-06-30 09:04:44
winsznx/theeleven: Eleven autonomous AI agents open live football prop markets on X Layer — custom ,ai-content,GitHub Trending,,https://github.com/winsznx/theeleven,100,low,New repo with 715 stars today,2026-06-30 09:04:44
"baairon/torlink: A sleek, zero-setup torrent finder and downloader that lives right in your termi",ai-content,GitHub Trending,,https://github.com/baairon/torlink,100,low,New repo with 674 stars today,2026-06-30 09:04:44
"benchflow-ai/awesome-evals: A curated, non-BS library of the best resources for building and evaluating AI a",ai-content,GitHub Trending,,https://github.com/benchflow-ai/awesome-evals,100,low,New repo with 589 stars today,2026-06-30 09:04:44
"Pluviobyte/video-production-skills: Reusable AI video production skills library for creation, recreation, motion des",ai-content,GitHub Trending,,https://github.com/Pluviobyte/video-production-skills,100,low,New repo with 445 stars today,2026-06-30 09:04:44
tdeverx/contained-app: A native macOS app for Apple's Container CLI,ai-content,GitHub Trending,,https://github.com/tdeverx/contained-app,100,low,New repo with 406 stars today,2026-06-30 09:04:44
amplifthq/opentag: Open-source @agent mentions for Slack and GitHub. OpenTag routes tagged requests,ai-content,GitHub Trending,,https://github.com/amplifthq/opentag,100,low,New repo with 371 stars today,2026-06-30 09:04:44
blknoiz0632/CandyDrop: Cut the rope. Feed the monster. Earn real Solana. A skill-based play-to-earn puz,ai-content,GitHub Trending,,https://github.com/blknoiz0632/CandyDrop,100,low,New repo with 358 stars today,2026-06-30 09:04:44
PMTraderAdam/pm-copy-trader: polymarket copytrading bot || polymarket copytradingbot || polymarket copy tradi,trending-products,GitHub Trending,,https://github.com/PMTraderAdam/pm-copy-trader,100,low,New repo with 316 stars today,2026-06-30 09:04:44
abundantbeing/hermes-browser-extension: Browser-native side panel for Hermes Agent — connect web context to your local H,ai-content,GitHub Trending,,https://github.com/abundantbeing/hermes-browser-extension,100,low,New repo with 314 stars today,2026-06-30 09:04:44
"xxniiinxx/coinflip-casino-game: A full-stack, peer-to-peer coinflip betting casino game on Solana. Players conne",ai-content,GitHub Trending,,https://github.com/xxniiinxx/coinflip-casino-game,100,low,New repo with 312 stars today,2026-06-30 09:04:44
What are some passive income ideas that are unique and still work?,trending-products,Reddit,,https://www.reddit.com/r/passive_income/comments/155naqr/what_are_some_passive_income_ideas_that_are/,90,varies,"Hi everyone, I'm looking for some uniquepassiveincomeideasthat I can start. I'm not looking for get-",2026-06-30 09:04:44
25 Easy Passive Income Ideas for Financial Freedom!,trending-products,Reddit,,https://www.reddit.com/r/passive_income/comments/15ggh6l/25_easy_passive_income_ideas_for_financial_freedom/,90,varies,Open a high-yield savings account: Earn higher interest on your savings forpassiveincome. Rent out y,2026-06-30 09:04:44
"Passive Income Streams (I actually use) to make $5,000/month",trending-products,Reddit,,https://www.reddit.com/r/passive_income/comments/hupuvj/passive_income_streams_i_actually_use_to_make/,90,varies,"Passiveincomeis HARD to build, and those thinking it isn't are likely better off focusing on activei",2026-06-30 09:04:44
.self: A new top-level domain designed to support self-hosting,ai-content,Hacker News,,https://hccf.onmy.cloud/2026/06/21/reclaiming-our-digital-selves-hccfs-vision-for-a-human-centered-top-level-domain/,76,medium,HN story with 334 points,2026-06-30 09:04:44
OnlineSideHustles - Reddit,freelance-services,Reddit,,https://www.reddit.com/r/OnlineSideHustles/,70,varies,"Easysidehustlesfrom home? Please help me out!! Young mom living in Ireland, I hope to move to Austra",2026-06-30 09:04:44
What are some genuine side hustles? : r/sidehustle - Reddit,freelance-services,Reddit,,https://www.reddit.com/r/sidehustle/comments/1b01ndm/what_are_some_genuine_side_hustles/,70,varies,If you find yourself thinking about other logistically difficultsidehustleseven when the above two o,2026-06-30 09:04:44
What's some online side hustles that nobody talks about?,freelance-services,Reddit,,https://www.reddit.com/r/sidehustle/comments/18dk4e4/whats_some_online_side_hustles_that_nobody_talks/,70,varies,The great thing about onlinesidehustleis it requires very less investment to start. But I believe th,2026-06-30 09:04:44
Working With AI: A concrete example,ai-content,Hacker News,,https://htmx.org/essays/working-with-ai/,64,medium,HN story with 89 points,2026-06-30 09:04:44
South Korea to spend $1T on more memory chip production and humanoid robots,trending-products,Hacker News,,https://arstechnica.com/ai/2026/06/south-korea-to-spend-1t-on-more-memory-chip-production-and-humanoid-robots/,56,medium,HN story with 120 points,2026-06-30 09:04:44
"Wallace the 6 inch f/2.8 telescope, building it, and hiking with it",trending-products,Hacker News,,https://lucassifoni.info/blog/hiking-with-wallace/,55,medium,HN story with 115 points,2026-06-30 09:04:44
deepseek-ai/DeepSpec: DeepSpec: a full-stack codebase for training and evaluating speculative decoding,ai-content,GitHub Trending,,https://github.com/deepseek-ai/DeepSpec,100,low,New repo with 3907 stars today,2026-06-30 09:05:40
winsznx/theeleven: Eleven autonomous AI agents open live football prop markets on X Layer — custom ,ai-content,GitHub Trending,,https://github.com/winsznx/theeleven,100,low,New repo with 715 stars today,2026-06-30 09:05:40
"baairon/torlink: A sleek, zero-setup torrent finder and downloader that lives right in your termi",ai-content,GitHub Trending,,https://github.com/baairon/torlink,100,low,New repo with 674 stars today,2026-06-30 09:05:40
"benchflow-ai/awesome-evals: A curated, non-BS library of the best resources for building and evaluating AI a",ai-content,GitHub Trending,,https://github.com/benchflow-ai/awesome-evals,100,low,New repo with 589 stars today,2026-06-30 09:05:40
"Pluviobyte/video-production-skills: Reusable AI video production skills library for creation, recreation, motion des",ai-content,GitHub Trending,,https://github.com/Pluviobyte/video-production-skills,100,low,New repo with 445 stars today,2026-06-30 09:05:40
tdeverx/contained-app: A native macOS app for Apple's Container CLI,ai-content,GitHub Trending,,https://github.com/tdeverx/contained-app,100,low,New repo with 406 stars today,2026-06-30 09:05:40
amplifthq/opentag: Open-source @agent mentions for Slack and GitHub. OpenTag routes tagged requests,ai-content,GitHub Trending,,https://github.com/amplifthq/opentag,100,low,New repo with 371 stars today,2026-06-30 09:05:40
blknoiz0632/CandyDrop: Cut the rope. Feed the monster. Earn real Solana. A skill-based play-to-earn puz,ai-content,GitHub Trending,,https://github.com/blknoiz0632/CandyDrop,100,low,New repo with 358 stars today,2026-06-30 09:05:40
PMTraderAdam/pm-copy-trader: polymarket copytrading bot || polymarket copytradingbot || polymarket copy tradi,trending-products,GitHub Trending,,https://github.com/PMTraderAdam/pm-copy-trader,100,low,New repo with 316 stars today,2026-06-30 09:05:40
abundantbeing/hermes-browser-extension: Browser-native side panel for Hermes Agent — connect web context to your local H,ai-content,GitHub Trending,,https://github.com/abundantbeing/hermes-browser-extension,100,low,New repo with 314 stars today,2026-06-30 09:05:40
"xxniiinxx/coinflip-casino-game: A full-stack, peer-to-peer coinflip betting casino game on Solana. Players conne",ai-content,GitHub Trending,,https://github.com/xxniiinxx/coinflip-casino-game,100,low,New repo with 312 stars today,2026-06-30 09:05:40
.self: A new top-level domain designed to support self-hosting,ai-content,Hacker News,,https://hccf.onmy.cloud/2026/06/21/reclaiming-our-digital-selves-hccfs-vision-for-a-human-centered-top-level-domain/,76,medium,HN story with 334 points,2026-06-30 09:05:40
Working With AI: A concrete example,ai-content,Hacker News,,https://htmx.org/essays/working-with-ai/,64,medium,HN story with 90 points,2026-06-30 09:05:40
South Korea to spend $1T on more memory chip production and humanoid robots,trending-products,Hacker News,,https://arstechnica.com/ai/2026/06/south-korea-to-spend-1t-on-more-memory-chip-production-and-humanoid-robots/,56,medium,HN story with 120 points,2026-06-30 09:05:40
"Wallace the 6 inch f/2.8 telescope, building it, and hiking with it",trending-products,Hacker News,,https://lucassifoni.info/blog/hiking-with-wallace/,55,medium,HN story with 115 points,2026-06-30 09:05:40
deepseek-ai/DeepSpec: DeepSpec: a full-stack codebase for training and evaluating speculative decoding,ai-content,GitHub Trending,,https://github.com/deepseek-ai/DeepSpec,100,low,New repo with 3912 stars today,2026-06-30 09:08:50
winsznx/theeleven: Eleven autonomous AI agents open live football prop markets on X Layer — custom ,ai-content,GitHub Trending,,https://github.com/winsznx/theeleven,100,low,New repo with 715 stars today,2026-06-30 09:08:50
"baairon/torlink: A sleek, zero-setup torrent finder and downloader that lives right in your termi",ai-content,GitHub Trending,,https://github.com/baairon/torlink,100,low,New repo with 677 stars today,2026-06-30 09:08:50
"benchflow-ai/awesome-evals: A curated, non-BS library of the best resources for building and evaluating AI a",ai-content,GitHub Trending,,https://github.com/benchflow-ai/awesome-evals,100,low,New repo with 589 stars today,2026-06-30 09:08:50
"Pluviobyte/video-production-skills: Reusable AI video production skills library for creation, recreation, motion des",ai-content,GitHub Trending,,https://github.com/Pluviobyte/video-production-skills,100,low,New repo with 445 stars today,2026-06-30 09:08:50
tdeverx/contained-app: A native macOS app for Apple's Container CLI,ai-content,GitHub Trending,,https://github.com/tdeverx/contained-app,100,low,New repo with 406 stars today,2026-06-30 09:08:50
amplifthq/opentag: Open-source @agent mentions for Slack and GitHub. OpenTag routes tagged requests,ai-content,GitHub Trending,,https://github.com/amplifthq/opentag,100,low,New repo with 371 stars today,2026-06-30 09:08:50
blknoiz0632/CandyDrop: Cut the rope. Feed the monster. Earn real Solana. A skill-based play-to-earn puz,ai-content,GitHub Trending,,https://github.com/blknoiz0632/CandyDrop,100,low,New repo with 358 stars today,2026-06-30 09:08:50
PMTraderAdam/pm-copy-trader: polymarket copytrading bot || polymarket copytradingbot || polymarket copy tradi,trending-products,GitHub Trending,,https://github.com/PMTraderAdam/pm-copy-trader,100,low,New repo with 316 stars today,2026-06-30 09:08:50
abundantbeing/hermes-browser-extension: Browser-native side panel for Hermes Agent — connect web context to your local H,ai-content,GitHub Trending,,https://github.com/abundantbeing/hermes-browser-extension,100,low,New repo with 314 stars today,2026-06-30 09:08:50
"xxniiinxx/coinflip-casino-game: A full-stack, peer-to-peer coinflip betting casino game on Solana. Players conne",ai-content,GitHub Trending,,https://github.com/xxniiinxx/coinflip-casino-game,100,low,New repo with 312 stars today,2026-06-30 09:08:50
.self: A new top-level domain designed to support self-hosting,ai-content,Hacker News,,https://hccf.onmy.cloud/2026/06/21/reclaiming-our-digital-selves-hccfs-vision-for-a-human-centered-top-level-domain/,76,medium,HN story with 335 points,2026-06-30 09:08:50
Working With AI: A concrete example,ai-content,Hacker News,,https://htmx.org/essays/working-with-ai/,64,medium,HN story with 90 points,2026-06-30 09:08:50
South Korea to spend $1T on more memory chip production and humanoid robots,trending-products,Hacker News,,https://arstechnica.com/ai/2026/06/south-korea-to-spend-1t-on-more-memory-chip-production-and-humanoid-robots/,56,medium,HN story with 120 points,2026-06-30 09:08:50
"Wallace the 6 inch f/2.8 telescope, building it, and hiking with it",trending-products,Hacker News,,https://lucassifoni.info/blog/hiking-with-wallace/,55,medium,HN story with 115 points,2026-06-30 09:08:50
deepseek-ai/DeepSpec: DeepSpec: a full-stack codebase for training and evaluating speculative decoding,ai-content,GitHub Trending,,https://github.com/deepseek-ai/DeepSpec,100,low,New repo with 3926 stars today,2026-06-30 09:20:45
winsznx/theeleven: Eleven autonomous AI agents open live football prop markets on X Layer — custom ,ai-content,GitHub Trending,,https://github.com/winsznx/theeleven,100,low,New repo with 715 stars today,2026-06-30 09:20:45
"baairon/torlink: A sleek, zero-setup torrent finder and downloader that lives right in your termi",ai-content,GitHub Trending,,https://github.com/baairon/torlink,100,low,New repo with 686 stars today,2026-06-30 09:20:45
"benchflow-ai/awesome-evals: A curated, non-BS library of the best resources for building and evaluating AI a",ai-content,GitHub Trending,,https://github.com/benchflow-ai/awesome-evals,100,low,New repo with 589 stars today,2026-06-30 09:20:45
"Pluviobyte/video-production-skills: Reusable AI video production skills library for creation, recreation, motion des",ai-content,GitHub Trending,,https://github.com/Pluviobyte/video-production-skills,100,low,New repo with 447 stars today,2026-06-30 09:20:45
tdeverx/contained-app: A native macOS app for Apple's Container CLI,ai-content,GitHub Trending,,https://github.com/tdeverx/contained-app,100,low,New repo with 406 stars today,2026-06-30 09:20:45
amplifthq/opentag: Open-source @agent mentions for Slack and GitHub. OpenTag routes tagged requests,ai-content,GitHub Trending,,https://github.com/amplifthq/opentag,100,low,New repo with 371 stars today,2026-06-30 09:20:45
blknoiz0632/CandyDrop: Cut the rope. Feed the monster. Earn real Solana. A skill-based play-to-earn puz,ai-content,GitHub Trending,,https://github.com/blknoiz0632/CandyDrop,100,low,New repo with 358 stars today,2026-06-30 09:20:45
PMTraderAdam/pm-copy-trader: polymarket copytrading bot || polymarket copytradingbot || polymarket copy tradi,trending-products,GitHub Trending,,https://github.com/PMTraderAdam/pm-copy-trader,100,low,New repo with 316 stars today,2026-06-30 09:20:45
abundantbeing/hermes-browser-extension: Browser-native side panel for Hermes Agent — connect web context to your local H,ai-content,GitHub Trending,,https://github.com/abundantbeing/hermes-browser-extension,100,low,New repo with 315 stars today,2026-06-30 09:20:45
"xxniiinxx/coinflip-casino-game: A full-stack, peer-to-peer coinflip betting casino game on Solana. Players conne",ai-content,GitHub Trending,,https://github.com/xxniiinxx/coinflip-casino-game,100,low,New repo with 312 stars today,2026-06-30 09:20:45
.self: A new top-level domain designed to support self-hosting,ai-content,Hacker News,,https://hccf.onmy.cloud/2026/06/21/reclaiming-our-digital-selves-hccfs-vision-for-a-human-centered-top-level-domain/,77,medium,HN story with 341 points,2026-06-30 09:20:45
Working With AI: A concrete example,ai-content,Hacker News,,https://htmx.org/essays/working-with-ai/,64,medium,HN story with 91 points,2026-06-30 09:20:45
South Korea to spend $1T on more memory chip production and humanoid robots,trending-products,Hacker News,,https://arstechnica.com/ai/2026/06/south-korea-to-spend-1t-on-more-memory-chip-production-and-humanoid-robots/,56,medium,HN story with 122 points,2026-06-30 09:20:45
"Wallace the 6 inch f/2.8 telescope, building it, and hiking with it",trending-products,Hacker News,,https://lucassifoni.info/blog/hiking-with-wallace/,55,medium,HN story with 116 points,2026-06-30 09:20:45
deepseek-ai/DeepSpec: DeepSpec: a full-stack codebase for training and evaluating speculative decoding,ai-content,GitHub Trending,,https://github.com/deepseek-ai/DeepSpec,100,low,New repo with 4146 stars today,2026-06-30 12:05:18
"baairon/torlink: A sleek, zero-setup torrent finder and downloader that lives right in your termi",ai-content,GitHub Trending,,https://github.com/baairon/torlink,100,low,New repo with 753 stars today,2026-06-30 12:05:18
winsznx/theeleven: Eleven autonomous AI agents open live football prop markets on X Layer — custom ,ai-content,GitHub Trending,,https://github.com/winsznx/theeleven,100,low,New repo with 715 stars today,2026-06-30 12:05:18
"benchflow-ai/awesome-evals: A curated, non-BS library of the best resources for building and evaluating AI a",ai-content,GitHub Trending,,https://github.com/benchflow-ai/awesome-evals,100,low,New repo with 592 stars today,2026-06-30 12:05:18
"Pluviobyte/video-production-skills: Reusable AI video production skills library for creation, recreation, motion des",ai-content,GitHub Trending,,https://github.com/Pluviobyte/video-production-skills,100,low,New repo with 456 stars today,2026-06-30 12:05:18
tdeverx/contained-app: A native macOS app for Apple's Container CLI,ai-content,GitHub Trending,,https://github.com/tdeverx/contained-app,100,low,New repo with 408 stars today,2026-06-30 12:05:18
amplifthq/opentag: Open-source @agent mentions for Slack and GitHub. OpenTag routes tagged requests,ai-content,GitHub Trending,,https://github.com/amplifthq/opentag,100,low,New repo with 371 stars today,2026-06-30 12:05:18
blknoiz0632/CandyDrop: Cut the rope. Feed the monster. Earn real Solana. A skill-based play-to-earn puz,ai-content,GitHub Trending,,https://github.com/blknoiz0632/CandyDrop,100,low,New repo with 358 stars today,2026-06-30 12:05:18
abundantbeing/hermes-browser-extension: Browser-native side panel for Hermes Agent — connect web context to your local H,ai-content,GitHub Trending,,https://github.com/abundantbeing/hermes-browser-extension,100,low,New repo with 318 stars today,2026-06-30 12:05:18
PMTraderAdam/pm-copy-trader: polymarket copytrading bot || polymarket copytradingbot || polymarket copy tradi,trending-products,GitHub Trending,,https://github.com/PMTraderAdam/pm-copy-trader,100,low,New repo with 318 stars today,2026-06-30 12:05:18
"Einsia/Browser-BC: Agent behavior clone for browser using, targeting general GUI using and distribu",trending-products,GitHub Trending,,https://github.com/Einsia/Browser-BC,100,low,New repo with 315 stars today,2026-06-30 12:05:18
.self: A new top-level domain designed to support self-hosting,ai-content,Hacker News,,https://hccf.onmy.cloud/2026/06/21/reclaiming-our-digital-selves-hccfs-vision-for-a-human-centered-top-level-domain/,80,medium,HN story with 405 points,2026-06-30 12:05:18
Working With AI: A concrete example,ai-content,Hacker News,,https://htmx.org/essays/working-with-ai/,65,medium,HN story with 119 points,2026-06-30 12:05:18
South Korea to spend $1T on more memory chip production and humanoid robots,trending-products,Hacker News,,https://arstechnica.com/ai/2026/06/south-korea-to-spend-1t-on-more-memory-chip-production-and-humanoid-robots/,58,medium,HN story with 178 points,2026-06-30 12:05:18
"Wallace the 6 inch f/2.8 telescope, building it, and hiking with it",trending-products,Hacker News,,https://lucassifoni.info/blog/hiking-with-wallace/,56,medium,HN story with 126 points,2026-06-30 12:05:18
deepseek-ai/DeepSpec: DeepSpec: a full-stack codebase for training and evaluating speculative decoding,ai-content,GitHub Trending,,https://github.com/deepseek-ai/DeepSpec,100,low,New repo with 4177 stars today,2026-06-30 12:26:50,0,stable
"baairon/torlink: A sleek, zero-setup torrent finder and downloader that lives right in your termi",ai-content,GitHub Trending,,https://github.com/baairon/torlink,100,low,New repo with 760 stars today,2026-06-30 12:26:50,0,stable
winsznx/theeleven: Eleven autonomous AI agents open live football prop markets on X Layer — custom ,ai-content,GitHub Trending,,https://github.com/winsznx/theeleven,100,low,New repo with 715 stars today,2026-06-30 12:26:50,0,stable
"benchflow-ai/awesome-evals: A curated, non-BS library of the best resources for building and evaluating AI a",ai-content,GitHub Trending,,https://github.com/benchflow-ai/awesome-evals,100,low,New repo with 592 stars today,2026-06-30 12:26:50,0,stable
"Pluviobyte/video-production-skills: Reusable AI video production skills library for creation, recreation, motion des",ai-content,GitHub Trending,,https://github.com/Pluviobyte/video-production-skills,100,low,New repo with 456 stars today,2026-06-30 12:26:50,0,stable
tdeverx/contained-app: A native macOS app for Apple's Container CLI,ai-content,GitHub Trending,,https://github.com/tdeverx/contained-app,100,low,New repo with 408 stars today,2026-06-30 12:26:50,0,stable
amplifthq/opentag: Open-source @agent mentions for Slack and GitHub. OpenTag routes tagged requests,ai-content,GitHub Trending,,https://github.com/amplifthq/opentag,100,low,New repo with 371 stars today,2026-06-30 12:26:50,0,stable
blknoiz0632/CandyDrop: Cut the rope. Feed the monster. Earn real Solana. A skill-based play-to-earn puz,ai-content,GitHub Trending,,https://github.com/blknoiz0632/CandyDrop,100,low,New repo with 358 stars today,2026-06-30 12:26:50,0,stable
abundantbeing/hermes-browser-extension: Browser-native side panel for Hermes Agent — connect web context to your local H,ai-content,GitHub Trending,,https://github.com/abundantbeing/hermes-browser-extension,100,low,New repo with 318 stars today,2026-06-30 12:26:50,0,stable
PMTraderAdam/pm-copy-trader: polymarket copytrading bot || polymarket copytradingbot || polymarket copy tradi,trending-products,GitHub Trending,,https://github.com/PMTraderAdam/pm-copy-trader,100,low,New repo with 318 stars today,2026-06-30 12:26:50,0,stable
"Einsia/Browser-BC: Agent behavior clone for browser using, targeting general GUI using and distribu",trending-products,GitHub Trending,,https://github.com/Einsia/Browser-BC,100,low,New repo with 315 stars today,2026-06-30 12:26:50,0,stable
.self: A new top-level domain designed to support self-hosting,ai-content,Hacker News,,https://hccf.onmy.cloud/2026/06/21/reclaiming-our-digital-selves-hccfs-vision-for-a-human-centered-top-level-domain/,80,medium,HN story with 410 points,2026-06-30 12:26:50,0,stable
South Korea to spend $1T on more memory chip production and humanoid robots,trending-products,Hacker News,,https://arstechnica.com/ai/2026/06/south-korea-to-spend-1t-on-more-memory-chip-production-and-humanoid-robots/,59,medium,HN story with 185 points,2026-06-30 12:26:50,0,stable
"Wallace the 6 inch f/2.8 telescope, building it, and hiking with it",trending-products,Hacker News,,https://lucassifoni.info/blog/hiking-with-wallace/,56,medium,HN story with 126 points,2026-06-30 12:26:50,0,stable
deepseek-ai/DeepSpec: DeepSpec: a full-stack codebase for training and evaluating speculative decoding,ai-content,GitHub Trending,,https://github.com/deepseek-ai/DeepSpec,100,low,New repo with 4180 stars today,2026-06-30 12:28:28,0,stable
"baairon/torlink: A sleek, zero-setup torrent finder and downloader that lives right in your termi",ai-content,GitHub Trending,,https://github.com/baairon/torlink,100,low,New repo with 762 stars today,2026-06-30 12:28:28,0,stable
winsznx/theeleven: Eleven autonomous AI agents open live football prop markets on X Layer — custom ,ai-content,GitHub Trending,,https://github.com/winsznx/theeleven,100,low,New repo with 715 stars today,2026-06-30 12:28:28,0,stable
"benchflow-ai/awesome-evals: A curated, non-BS library of the best resources for building and evaluating AI a",ai-content,GitHub Trending,,https://github.com/benchflow-ai/awesome-evals,100,low,New repo with 592 stars today,2026-06-30 12:28:28,0,stable
"Pluviobyte/video-production-skills: Reusable AI video production skills library for creation, recreation, motion des",ai-content,GitHub Trending,,https://github.com/Pluviobyte/video-production-skills,100,low,New repo with 456 stars today,2026-06-30 12:28:28,0,stable
tdeverx/contained-app: A native macOS app for Apple's Container CLI,ai-content,GitHub Trending,,https://github.com/tdeverx/contained-app,100,low,New repo with 408 stars today,2026-06-30 12:28:28,0,stable
amplifthq/opentag: Open-source @agent mentions for Slack and GitHub. OpenTag routes tagged requests,ai-content,GitHub Trending,,https://github.com/amplifthq/opentag,100,low,New repo with 371 stars today,2026-06-30 12:28:28,0,stable
blknoiz0632/CandyDrop: Cut the rope. Feed the monster. Earn real Solana. A skill-based play-to-earn puz,ai-content,GitHub Trending,,https://github.com/blknoiz0632/CandyDrop,100,low,New repo with 358 stars today,2026-06-30 12:28:28,0,stable
abundantbeing/hermes-browser-extension: Browser-native side panel for Hermes Agent — connect web context to your local H,ai-content,GitHub Trending,,https://github.com/abundantbeing/hermes-browser-extension,100,low,New repo with 318 stars today,2026-06-30 12:28:28,0,stable
PMTraderAdam/pm-copy-trader: polymarket copytrading bot || polymarket copytradingbot || polymarket copy tradi,trending-products,GitHub Trending,,https://github.com/PMTraderAdam/pm-copy-trader,100,low,New repo with 318 stars today,2026-06-30 12:28:28,0,stable
"Einsia/Browser-BC: Agent behavior clone for browser using, targeting general GUI using and distribu",trending-products,GitHub Trending,,https://github.com/Einsia/Browser-BC,100,low,New repo with 315 stars today,2026-06-30 12:28:28,0,stable
.self: A new top-level domain designed to support self-hosting,ai-content,Hacker News,,https://hccf.onmy.cloud/2026/06/21/reclaiming-our-digital-selves-hccfs-vision-for-a-human-centered-top-level-domain/,80,medium,HN story with 411 points,2026-06-30 12:28:28,0,stable
Working With AI: A concrete example,ai-content,Hacker News,,https://htmx.org/essays/working-with-ai/,66,medium,HN story with 121 points,2026-06-30 12:28:28,0,stable
South Korea to spend $1T on more memory chip production and humanoid robots,trending-products,Hacker News,,https://arstechnica.com/ai/2026/06/south-korea-to-spend-1t-on-more-memory-chip-production-and-humanoid-robots/,59,medium,HN story with 186 points,2026-06-30 12:28:28,0,stable
"Wallace the 6 inch f/2.8 telescope, building it, and hiking with it",trending-products,Hacker News,,https://lucassifoni.info/blog/hiking-with-wallace/,56,medium,HN story with 126 points,2026-06-30 12:28:28,0,stable
.self: A new top-level domain designed to support self-hosting,ai-content,Hacker News,,https://hccf.onmy.cloud/2026/06/21/reclaiming-our-digital-selves-hccfs-vision-for-a-human-centered-top-level-domain/,87,medium,HN story with 550 points,2026-06-30 19:21:13,7,rising
Open Source Low Tech,trending-products,Hacker News,,https://opensourcelowtech.org/,66,medium,HN story with 338 points,2026-06-30 19:21:13,0,stable
deepseek-ai/DeepSpec: DeepSpec: a full-stack codebase for training and evaluating speculative decoding,ai-content,GitHub Trending,,https://github.com/deepseek-ai/DeepSpec,100,low,New repo with 4771 stars today,2026-06-30 19:25:04,0,stable
"baairon/torlink: A sleek, zero-setup torrent finder and downloader that lives right in your termi",ai-content,GitHub Trending,,https://github.com/baairon/torlink,100,low,New repo with 1018 stars today,2026-06-30 19:25:04,0,stable
winsznx/theeleven: Eleven autonomous AI agents open live football prop markets on X Layer — custom ,ai-content,GitHub Trending,,https://github.com/winsznx/theeleven,100,low,New repo with 716 stars today,2026-06-30 19:25:04,0,stable
"benchflow-ai/awesome-evals: A curated, non-BS library of the best resources for building and evaluating AI a",ai-content,GitHub Trending,,https://github.com/benchflow-ai/awesome-evals,100,low,New repo with 596 stars today,2026-06-30 19:25:04,0,stable
"Pluviobyte/video-production-skills: Reusable AI video production skills library for creation, recreation, motion des",ai-content,GitHub Trending,,https://github.com/Pluviobyte/video-production-skills,100,low,New repo with 475 stars today,2026-06-30 19:25:04,0,stable
tdeverx/contained-app: A native macOS app for Apple's Container CLI,ai-content,GitHub Trending,,https://github.com/tdeverx/contained-app,100,low,New repo with 421 stars today,2026-06-30 19:25:04,0,stable
"TianhangZhuzth/Fundamental-Ava: Build digital human beings — autonomous, collaborative, and socially intelligent",ai-content,GitHub Trending,,https://github.com/TianhangZhuzth/Fundamental-Ava,100,low,New repo with 396 stars today,2026-06-30 19:25:04,0,stable
amplifthq/opentag: Open-source @agent mentions for Slack and GitHub. OpenTag routes tagged requests,ai-content,GitHub Trending,,https://github.com/amplifthq/opentag,100,low,New repo with 376 stars today,2026-06-30 19:25:04,0,stable
blknoiz0632/CandyDrop: Cut the rope. Feed the monster. Earn real Solana. A skill-based play-to-earn puz,ai-content,GitHub Trending,,https://github.com/blknoiz0632/CandyDrop,100,low,New repo with 359 stars today,2026-06-30 19:25:04,0,stable
PMTraderAdam/pm-copy-trader: polymarket copytrading bot || polymarket copytradingbot || polymarket copy tradi,trending-products,GitHub Trending,,https://github.com/PMTraderAdam/pm-copy-trader,100,low,New repo with 330 stars today,2026-06-30 19:25:04,0,stable
"Einsia/Browser-BC: Agent behavior clone for browser using, targeting general GUI using and distribu",trending-products,GitHub Trending,,https://github.com/Einsia/Browser-BC,100,low,New repo with 328 stars today,2026-06-30 19:25:04,0,stable
.self: A new top-level domain designed to support self-hosting,ai-content,Hacker News,,https://hccf.onmy.cloud/2026/06/21/reclaiming-our-digital-selves-hccfs-vision-for-a-human-centered-top-level-domain/,87,medium,HN story with 550 points,2026-06-30 19:25:04,0,stable
Open Source Low Tech,trending-products,Hacker News,,https://opensourcelowtech.org/,67,medium,HN story with 341 points,2026-06-30 19:25:04,1,stable
Building a custom octocopter from scratch with no prior hardware experience,trending-products,Hacker News,,https://karolina.mgdubiel.com/drone/,54,medium,HN story with 94 points,2026-06-30 19:25:04,0,stable
deepseek-ai/DeepSpec: DeepSpec: a full-stack codebase for training and evaluating speculative decoding,ai-content,GitHub Trending,,https://github.com/deepseek-ai/DeepSpec,100,low,New repo with 4775 stars today,2026-06-30 19:29:46,0,stable
"baairon/torlink: A sleek, zero-setup torrent finder and downloader that lives right in your termi",ai-content,GitHub Trending,,https://github.com/baairon/torlink,100,low,New repo with 1020 stars today,2026-06-30 19:29:46,0,stable
winsznx/theeleven: Eleven autonomous AI agents open live football prop markets on X Layer — custom ,ai-content,GitHub Trending,,https://github.com/winsznx/theeleven,100,low,New repo with 716 stars today,2026-06-30 19:29:46,0,stable
"benchflow-ai/awesome-evals: A curated, non-BS library of the best resources for building and evaluating AI a",ai-content,GitHub Trending,,https://github.com/benchflow-ai/awesome-evals,100,low,New repo with 596 stars today,2026-06-30 19:29:46,0,stable
"Pluviobyte/video-production-skills: Reusable AI video production skills library for creation, recreation, motion des",ai-content,GitHub Trending,,https://github.com/Pluviobyte/video-production-skills,100,low,New repo with 475 stars today,2026-06-30 19:29:46,0,stable
tdeverx/contained-app: A native macOS app for Apple's Container CLI,ai-content,GitHub Trending,,https://github.com/tdeverx/contained-app,100,low,New repo with 421 stars today,2026-06-30 19:29:46,0,stable
"TianhangZhuzth/Fundamental-Ava: Build digital human beings — autonomous, collaborative, and socially intelligent",ai-content,GitHub Trending,,https://github.com/TianhangZhuzth/Fundamental-Ava,100,low,New repo with 398 stars today,2026-06-30 19:29:46,0,stable
amplifthq/opentag: Open-source @agent mentions for Slack and GitHub. OpenTag routes tagged requests,ai-content,GitHub Trending,,https://github.com/amplifthq/opentag,100,low,New repo with 376 stars today,2026-06-30 19:29:46,0,stable
blknoiz0632/CandyDrop: Cut the rope. Feed the monster. Earn real Solana. A skill-based play-to-earn puz,ai-content,GitHub Trending,,https://github.com/blknoiz0632/CandyDrop,100,low,New repo with 359 stars today,2026-06-30 19:29:46,0,stable
PMTraderAdam/pm-copy-trader: polymarket copytrading bot || polymarket copytradingbot || polymarket copy tradi,trending-products,GitHub Trending,,https://github.com/PMTraderAdam/pm-copy-trader,100,low,New repo with 331 stars today,2026-06-30 19:29:46,0,stable
"xxniiinxx/coinflip-casino-game: A full-stack, peer-to-peer coinflip betting casino game on Solana. Players conne",ai-content,GitHub Trending,,https://github.com/xxniiinxx/coinflip-casino-game,100,low,New repo with 328 stars today,2026-06-30 19:29:46,0,stable
.self: A new top-level domain designed to support self-hosting,ai-content,Hacker News,,https://hccf.onmy.cloud/2026/06/21/reclaiming-our-digital-selves-hccfs-vision-for-a-human-centered-top-level-domain/,87,medium,HN story with 550 points,2026-06-30 19:29:46,0,stable
Open Source Low Tech,trending-products,Hacker News,,https://opensourcelowtech.org/,67,medium,HN story with 346 points,2026-06-30 19:29:46,0,stable
Building a custom octocopter from scratch with no prior hardware experience,trending-products,Hacker News,,https://karolina.mgdubiel.com/drone/,54,medium,HN story with 95 points,2026-06-30 19:29:46,0,stable
deepseek-ai/DeepSpec: DeepSpec: a full-stack codebase for training and evaluating speculative decoding,ai-content,GitHub Trending,,https://github.com/deepseek-ai/DeepSpec,100,low,New repo with 5056 stars today,2026-07-01 00:34:46,0,stable
"baairon/torlink: A sleek, zero-setup torrent finder and downloader that lives right in your termi",ai-content,GitHub Trending,,https://github.com/baairon/torlink,100,low,New repo with 1367 stars today,2026-07-01 00:34:46,0,stable
winsznx/theeleven: Eleven autonomous AI agents open live football prop markets on X Layer — custom ,ai-content,GitHub Trending,,https://github.com/winsznx/theeleven,100,low,New repo with 711 stars today,2026-07-01 00:34:46,0,stable
"TianhangZhuzth/Fundamental-Ava: Build digital human beings — autonomous, collaborative, and socially intelligent",ai-content,GitHub Trending,,https://github.com/TianhangZhuzth/Fundamental-Ava,100,low,New repo with 541 stars today,2026-07-01 00:34:46,0,stable
"Pluviobyte/video-production-skills: Reusable AI video production skills library for creation, recreation, motion des",ai-content,GitHub Trending,,https://github.com/Pluviobyte/video-production-skills,100,low,New repo with 481 stars today,2026-07-01 00:34:46,0,stable
tdeverx/contained-app: A native macOS app for Apple's Container CLI,ai-content,GitHub Trending,,https://github.com/tdeverx/contained-app,100,low,New repo with 423 stars today,2026-07-01 00:34:46,0,stable
blknoiz0632/CandyDrop: Cut the rope. Feed the monster. Earn real Solana. A skill-based play-to-earn puz,ai-content,GitHub Trending,,https://github.com/blknoiz0632/CandyDrop,100,low,New repo with 356 stars today,2026-07-01 00:34:46,0,stable
"Einsia/Browser-BC: Agent behavior clone for browser using, targeting general GUI using and distribu",trending-products,GitHub Trending,,https://github.com/Einsia/Browser-BC,100,low,New repo with 337 stars today,2026-07-01 00:34:46,0,stable
"offchainthoughts/Amber: Bank the expensive compute once, then carry it offline as a single file that can",ai-content,GitHub Trending,,https://github.com/offchainthoughts/Amber,100,low,New repo with 333 stars today,2026-07-01 00:34:46,0,stable
"xxniiinxx/coinflip-casino-game: A full-stack, peer-to-peer coinflip betting casino game on Solana. Players conne",ai-content,GitHub Trending,,https://github.com/xxniiinxx/coinflip-casino-game,100,low,New repo with 332 stars today,2026-07-01 00:34:46,0,stable
lycorp-jp/sim-use: Give your AI agent eyes and hands on iOS Simulator and Android emulator/devices.,ai-content,GitHub Trending,,https://github.com/lycorp-jp/sim-use,100,low,New repo with 321 stars today,2026-07-01 00:34:46,0,stable
deepseek-ai/DeepSpec: DeepSpec: a full-stack codebase for training and evaluating speculative decoding,ai-content,GitHub Trending,,https://github.com/deepseek-ai/DeepSpec,100,low,New repo with 5346 stars today,2026-07-01 10:04:02,0,stable
"baairon/torlink: A sleek, zero-setup torrent finder and downloader that lives right in your termi",ai-content,GitHub Trending,,https://github.com/baairon/torlink,100,low,New repo with 1728 stars today,2026-07-01 10:04:02,0,stable
winsznx/theeleven: Eleven autonomous AI agents open live football prop markets on X Layer — custom ,ai-content,GitHub Trending,,https://github.com/winsznx/theeleven,100,low,New repo with 691 stars today,2026-07-01 10:04:02,0,stable
"TianhangZhuzth/Fundamental-Ava: Build digital human beings — autonomous, collaborative, and socially intelligent",ai-content,GitHub Trending,,https://github.com/TianhangZhuzth/Fundamental-Ava,100,low,New repo with 607 stars today,2026-07-01 10:04:02,0,stable
"Pluviobyte/video-production-skills: Reusable AI video production skills library for creation, recreation, motion des",ai-content,GitHub Trending,,https://github.com/Pluviobyte/video-production-skills,100,low,New repo with 483 stars today,2026-07-01 10:04:02,0,stable
tdeverx/contained-app: A native macOS app for Apple's Container CLI,ai-content,GitHub Trending,,https://github.com/tdeverx/contained-app,100,low,New repo with 435 stars today,2026-07-01 10:04:02,0,stable
"Einsia/Browser-BC: Agent behavior clone for browser using, targeting general GUI using and distribu",trending-products,GitHub Trending,,https://github.com/Einsia/Browser-BC,100,low,New repo with 342 stars today,2026-07-01 10:04:02,0,stable
blknoiz0632/CandyDrop: Cut the rope. Feed the monster. Earn real Solana. A skill-based play-to-earn puz,ai-content,GitHub Trending,,https://github.com/blknoiz0632/CandyDrop,100,low,New repo with 341 stars today,2026-07-01 10:04:02,0,stable
lycorp-jp/sim-use: Give your AI agent eyes and hands on iOS Simulator and Android emulator/devices.,ai-content,GitHub Trending,,https://github.com/lycorp-jp/sim-use,100,low,New repo with 338 stars today,2026-07-01 10:04:02,0,stable
"xxniiinxx/coinflip-casino-game: A full-stack, peer-to-peer coinflip betting casino game on Solana. Players conne",ai-content,GitHub Trending,,https://github.com/xxniiinxx/coinflip-casino-game,100,low,New repo with 337 stars today,2026-07-01 10:04:02,0,stable
"offchainthoughts/Amber: Bank the expensive compute once, then carry it offline as a single file that can",ai-content,GitHub Trending,,https://github.com/offchainthoughts/Amber,100,low,New repo with 322 stars today,2026-07-01 10:04:02,0,stable
11 Best AI Tools to Make Money Online in 2026 | Easy Side Hustles,ai-content,Web Search,,https://www.allaboutai.com/best-ai-tools/productivity/money-making/,96,medium,"Cross-source: Web Search, Web Search | Cross-source: Web Search, Web Search | Query: best AI tools make money 2026 | What are theBestAIToolstoMakeMoneyOnline in2026? Here are the topAItoolsthat can",2026-07-01 10:04:02,0,stable
15 Best AI Tools for Making Money in 2026 (Ranked by Income Potential),ai-content,Web Search,,https://richtactic.com/blog/best-ai-tools-making-money,90,medium,"Query: best AI tools make money 2026 | ThebestAItoolsfor makingmoneyranked by category: writing, image, video, coding, ",2026-07-01 10:04:02,0,stable
How to Make Money with AI in 2026: 15 Real Methods That Pay,ai-content,Web Search,,https://sidequesthustle.com/guides/best-ai-side-hustles-2026,90,medium,Query: best AI tools make money 2026 | 15 proven ways tomakemoneywithAItoolsin2026. From ChatGPT freelancing toAI-power,2026-07-01 10:04:02,0,stable
Best TCGs to Collect in 2026: Rankings - Hall of Cards,tcg,Web Search,,https://hallofcards.app/blog-posts/best-tcgs-to-collect-2026-complete-ranking-new-collectors,75,medium,"Query: trending TCG cards most valuable 2026 | Ranking the best tradingcardgames to collect in2026from Pokemon to Lorcana, with",2026-07-01 10:04:02,0,stable
"Best Trading Cards to Invest in for 2026: Pokémon, Sports, and More",tcg,Web Search,,https://athlonsports.com/collectibles/best-trading-cards-invest-2026-pokemon-sports,75,medium,"Query: trending TCG cards most valuable 2026 | Scarcity-driven picks in Pokémon, sports, Magic, and One Piece define the strong",2026-07-01 10:04:02,0,stable
Top 10 Most Valuable Pokémon Cards to Collect in 2026,tcg,Web Search,,https://athlonsports.com/collectibles/top-10-most-valuable-pokemon-cards-2026,75,medium,"Query: trending TCG cards most valuable 2026 | Everycardhere thrives on PSA 10 scarcity and proven auction demand, making them ",2026-07-01 10:04:02,0,stable
Most Valuable Trading Card Game Cards 2026: Top 50 | PreGradeCards,tcg,Web Search,,https://pregradecards.com/blog/most-valuable-tcg-cards-2026,75,medium,"Query: trending TCG cards most valuable 2026 | The 50mostvaluableTCGcardsinclude Alpha Black Lotus ($511,000), 1st Edition Shad",2026-07-01 10:04:02,0,stable
The Hottest Sports & Trading Cards to Invest in for 2026,tcg,Web Search,,https://columbiasportscard.com/blogs/news/the-hottest-sports-trading-cards-to-invest-in-for-2026,75,medium,Query: trending TCG cards most valuable 2026 | The Hottest Sports &amp; TradingCardsto Invest in for2026Why2026Is a watershed y,2026-07-01 10:04:02,0,stable
Building a custom octocopter from scratch with no prior hardware experience,trending-products,Hacker News,,https://karolina.mgdubiel.com/drone/,66,medium,HN story with 331 points,2026-07-01 10:04:02,0,stable
From brain waves to words: a new path to communication without surgery,ai-content,Hacker News,,https://ai.meta.com/blog/brain2qwerty-brain-ai-human-communication/?_fb_noscript=1,65,medium,HN story with 109 points,2026-07-01 10:04:02,0,stable
mekos2772/ios-location-spoofer: Standalone iOS app to spoof GPS location without jailbreak. Includes Shadowrocke,ai-content,GitHub Trending,,https://github.com/mekos2772/ios-location-spoofer,100,low,New repo with 1048 stars today,2026-07-03 00:40:19,0,stable
"Kulaxyz/self-learning-skills: A self-improving skill for AI coding agents (Claude Code, Cursor, AGENTS.md): re",ai-content,GitHub Trending,,https://github.com/Kulaxyz/self-learning-skills,100,low,New repo with 877 stars today,2026-07-03 00:40:19,0,stable
"TianhangZhuzth/Fundamental-Ava: Build digital human beings — autonomous, collaborative, and socially intelligent",ai-content,GitHub Trending,,https://github.com/TianhangZhuzth/Fundamental-Ava,100,low,New repo with 749 stars today,2026-07-03 00:40:19,0,stable
"offchainthoughts/Amber: Bank the expensive compute once, then carry it offline as a single file that can",ai-content,GitHub Trending,,https://github.com/offchainthoughts/Amber,100,low,New repo with 332 stars today,2026-07-03 00:40:19,0,stable
JasonLiu0826/ackem: Ackem — 本地优先 AI 桌面陪伴 · Local-first AI desktop companion. 隐私数据不上传，支持记忆/情绪/扩展/ 。AG,ai-content,GitHub Trending,,https://github.com/JasonLiu0826/ackem,100,low,New repo with 288 stars today,2026-07-03 00:40:19,0,stable
"Evolink-AI/Awesome-Blender-Seedance-Workflow-Usecases: Curated Blender + Seedance workflows for AI filmmaking: previs, camera control, ",ai-content,GitHub Trending,,https://github.com/Evolink-AI/Awesome-Blender-Seedance-Workflow-Usecases,100,low,New repo with 286 stars today,2026-07-03 00:40:19,0,stable
"eli-labz/Godcoder: A local-first, open-source coding agent for your desktop. Bring your own LLM key",ai-content,GitHub Trending,,https://github.com/eli-labz/Godcoder,100,low,New repo with 270 stars today,2026-07-03 00:40:19,0,stable
lingbol088-spec/reverse-flow-skill: 面向 AI Agent / Codex 的本地 CTF 逆向工程流程技能。加载后通过“真心为你”进入逆向模式，默认在本地沙盒、CTF、crackme、warga,ai-content,GitHub Trending,,https://github.com/lingbol088-spec/reverse-flow-skill,100,low,New repo with 264 stars today,2026-07-03 00:40:19,0,stable
JokiTsien/App_Store_Play_Store_Review_Bot: Auto-post reviews and ratings for apps on Google Play and Apple App Store. Boost,trending-products,GitHub Trending,,https://github.com/JokiTsien/App_Store_Play_Store_Review_Bot,100,low,New repo with 260 stars today,2026-07-03 00:40:19,0,stable
11 Best AI Tools to Make Money Online in 2026 | Easy Side Hustles,ai-content,Web Search,,https://www.allaboutai.com/best-ai-tools/productivity/money-making/,93,medium,"Cross-source: Web Search, Web Search | Query: best AI tools make money 2026 | In this guide, you'll find thebestAItoolstomakemoneyto start earning $300 to $10",2026-07-03 00:40:19,-3,stable
15 Best AI Tools for Making Money in 2026 (Ranked by Income Potential),ai-content,Web Search,,https://richtactic.com/blog/best-ai-tools-making-money,90,medium,"Query: best AI tools make money 2026 | ThebestAItoolsfor makingmoneyranked by category: writing, image, video, coding, ",2026-07-03 00:40:19,0,stable
How to Make Money with AI in 2026: 15 Real Methods That Pay,ai-content,Web Search,,https://sidequesthustle.com/guides/best-ai-side-hustles-2026,90,medium,Query: best AI tools make money 2026 | 15 proven ways tomakemoneywithAItoolsin2026. From ChatGPT freelancing toAI-power,2026-07-03 00:40:19,0,stable
ChatGPT and GenAI Tools - Online Courses Available,courses,Web Search,,"https://duckduckgo.com/y.js?ad_domain=udemy.com&ad_provider=bingv7aa&ad_type=txad&click_metadata=z2oCGl4Um1BO3e3sfgMuvJAU3WK0kJMQgaPDtXfMW6BmfxsNsovzuRxDYnGooDsG6yoF2ifIvXYjuA9kSakDzXML8qUIkHJgy2gtlhILp72AtXphAGEJE2gudb_xkiNCQZyr7SQ_S_yV7OtR404cPCbc1BdQJSTp46N8B9QHkoo.VtNWcLZkO1hKess8Ldc5Ig&rut=4afb83f72e338c4b22d0b7f0d922c8b8be368a744fc8c27f80777fb81d1ba7ff&u3=https://www.bing.com/aclick?ld=e8EpGx_b39tTnikHRSWEHQXjVUCUwEO52V8cs_JPpR_bYF4f4pzFpNnJLLALqy9VYxzDlGA5_eTijXsnIotMYghRFsim4OnQ_iPOYEU3UFCal9a2gAj6k1opzmH-v3HfHR7pXvoWMCcNRza7ICYs8CIcd8yxJa-bW_FMAs8ZTxFyhlyQgYU4Djb8CCYPTfmKgPg2A74kQabSN33IcPoDnNSn7B9YY&u=aHR0cHMlM2ElMmYlMmZ3d3cudWRlbXkuY29tJTJmY291cnNlJTJmbWFzdGVyLWFpLXRvb2xzLWFuZC1jaGF0LWdwdC1mb3ItZWR1Y2F0b3JzLWFuZC10ZWFjaGVycyUyZiUzZnV0bV9jYW1wYWlnbiUzZEJHLVNlYXJjaF9EU0FfR2FtbWFfTm9uUF9sYS5FTl9jYy5ST1ctRW5nbGlzaCUyNnV0bV9zb3VyY2UlM2RiaW5nJTI2dXRtX21lZGl1bSUzZHBhaWQtc2VhcmNoJTI2cG9ydGZvbGlvJTNkQmluZy1ST1ctRW5nbGlzaCUyNnV0bV9hdWRpZW5jZSUzZG14JTI2dXRtX3RhY3RpYyUzZG5iJTI2dXRtX3Rlcm0lM2RfLl9hZ18xMzEzOTE4NzgzNzMxNjMzXy5fYWRfXy5fa3dfVGVhY2hpbmclMjUyMGVuJTI2dXRtX2NvbnRlbnQlM2RzJTI2ZnVubmVsJTNkJTI2dGVzdCUzZCUyNnV0bV9jYW1wYWlnbl9pZCUzZDYzODU5NjIzMCUyNm1zY2xraWQlM2RiZTZkMjgxMjA5OWMxNzk0MWM2YjQyNTRhODM0ZjlkMA&rlid=be6d2812099c17941c6b4254a834f9d0&vqd=4-75533593372235722674207240007871778319&iurl={1}IG=7ECF182AA5CA47B687E70920D34A70D8&CID=300A291475B16EFF232B3E9E742D6F82&ID=DevEx,5039.1",85,medium,"Query: best AI tools make money 2026 | Find the right instructor for you. Choose from many topics, skill levels, and la",2026-07-03 00:40:19,0,stable
Kimi K2.7 Code is generally available in GitHub Copilot,ai-content,Hacker News,,https://github.blog/changelog/2026-07-01-kimi-k2-7-is-now-available-in-github-copilot/,76,medium,HN story with 333 points,2026-07-03 00:40:19,0,stable
Best TCGs to Collect in 2026: Rankings - Hall of Cards,tcg,Web Search,,https://hallofcards.app/blog-posts/best-tcgs-to-collect-2026-complete-ranking-new-collectors,75,medium,"Query: trending TCG cards most valuable 2026 | Ranking the best tradingcardgames to collect in2026from Pokemon to Lorcana, with",2026-07-03 00:40:19,0,stable
TCG Market Report May 2026: Price Moves & Trends | Home Town Cards ...,tcg,Web Search,,https://www.hometown.cards/news/tcg-market-may-2026-whats-moving,75,medium,"Query: trending TCG cards most valuable 2026 | May2026tradingcardmarket analysis. Pokemon up 116% YoY, Magic Pro Tour price spi",2026-07-03 00:40:19,0,stable
Top 10 Most Valuable & Hyped Sports Card Releases of 2026 (So Far),tcg,Web Search,,https://athlonsports.com/collectibles/top-10-valuable-hyped-sports-card-releases-2026,75,medium,Query: trending TCG cards most valuable 2026 | Here's the straight scoop on the Top 10MostValuable& Hyped SportsCardReleases of,2026-07-03 00:40:19,0,stable
10 Most Valuable TCG Cards of 2026 - Card Gamer,tcg,Web Search,,https://cardgamer.com/best-lists/most-valuable-tcg-cards/,75,medium,"Query: trending TCG cards most valuable 2026 | Want to know what the current,mostexpensivecardsare for allTCGs? Let's take a lo",2026-07-03 00:40:19,0,stable
The Hottest Sports & Trading Cards to Invest in for 2026,tcg,Web Search,,https://columbiasportscard.com/blogs/news/the-hottest-sports-trading-cards-to-invest-in-for-2026,75,medium,Query: trending TCG cards most valuable 2026 | The Hottest Sports &amp; TradingCardsto Invest in for2026Why2026Is a watershed y,2026-07-03 00:40:19,0,stable
"AI can't be listed as inventor on patent applications, Japan's top court rules",ai-content,Hacker News,,https://japannews.yomiuri.co.jp/science-nature/technology/20260306-314930/,71,medium,HN story with 225 points,2026-07-03 00:40:19,0,stable
The primary purpose of code review is to find code that will be hard to maintain,ai-content,Hacker News,,https://mathstodon.xyz/@mjd/115096720350507897,71,medium,HN story with 223 points,2026-07-03 00:40:19,0,stable
The Egg Bandits Made a Thousand Times the Fine They Just Paid for Price Fixing,ai-content,Hacker News,,https://www.thebignewsletter.com/p/crime-pays-the-egg-bandits-made-a,70,medium,HN story with 200 points,2026-07-03 00:40:19,0,stable
Is One Layer Enough? A Single Transformer Layer Matches Full-Parameter RL Train,ai-content,Hacker News,,https://arxiv.org/abs/2607.01232,64,medium,HN story with 91 points,2026-07-03 00:40:19,0,stable
Spain Orders Blacklist of Palantir from Public and Private Companies,ai-content,Hacker News,,https://clashreport.com/world/articles/spain-orders-blacklist-of-us-tech-giant-palantir-from-public-and-private-companies-fsnc2z17gjv,64,medium,HN story with 94 points,2026-07-03 00:40:19,0,stable
Show HN: Mail Memories – A desktop app to rescue photos from Gmail,ai-content,Hacker News,,https://mailmemories.com,63,medium,HN story with 76 points,2026-07-03 00:40:19,0,stable
mekos2772/ios-location-spoofer: Standalone iOS app to spoof GPS location without jailbreak. Includes Shadowrocke,ai-content,GitHub Trending,,https://github.com/mekos2772/ios-location-spoofer,100,low,New repo with 1131 stars today,2026-07-03 10:04:03,0,stable
"Kulaxyz/self-learning-skills: A self-improving skill for AI coding agents (Claude Code, Cursor, AGENTS.md): re",ai-content,GitHub Trending,,https://github.com/Kulaxyz/self-learning-skills,100,low,New repo with 898 stars today,2026-07-03 10:04:03,0,stable
"TianhangZhuzth/Fundamental-Ava: Build digital human beings — autonomous, collaborative, and socially intelligent",ai-content,GitHub Trending,,https://github.com/TianhangZhuzth/Fundamental-Ava,100,low,New repo with 754 stars today,2026-07-03 10:04:03,0,stable
"offchainthoughts/Amber: Bank the expensive compute once, then carry it offline as a single file that can",ai-content,GitHub Trending,,https://github.com/offchainthoughts/Amber,100,low,New repo with 332 stars today,2026-07-03 10:04:03,0,stable
JasonLiu0826/ackem: Ackem — 本地优先 AI 桌面陪伴 · Local-first AI desktop companion. 隐私数据不上传，支持记忆/情绪/扩展/ 。AG,ai-content,GitHub Trending,,https://github.com/JasonLiu0826/ackem,100,low,New repo with 294 stars today,2026-07-03 10:04:03,0,stable
"Evolink-AI/Awesome-Blender-Seedance-Workflow-Usecases: Curated Blender + Seedance workflows for AI filmmaking: previs, camera control, ",ai-content,GitHub Trending,,https://github.com/Evolink-AI/Awesome-Blender-Seedance-Workflow-Usecases,100,low,New repo with 289 stars today,2026-07-03 10:04:03,0,stable
lingbol088-spec/reverse-flow-skill: 面向 AI Agent / Codex 的本地 CTF 逆向工程流程技能。加载后通过“真心为你”进入逆向模式，默认在本地沙盒、CTF、crackme、warga,ai-content,GitHub Trending,,https://github.com/lingbol088-spec/reverse-flow-skill,100,low,New repo with 280 stars today,2026-07-03 10:04:03,0,stable
"eli-labz/Godcoder: A local-first, open-source coding agent for your desktop. Bring your own LLM key",ai-content,GitHub Trending,,https://github.com/eli-labz/Godcoder,100,low,New repo with 272 stars today,2026-07-03 10:04:03,0,stable
11 Best AI Tools to Make Money Online in 2026 | Easy Side Hustles,ai-content,Web Search,,https://www.allaboutai.com/best-ai-tools/productivity/money-making/,93,medium,"Cross-source: Web Search, Web Search | Query: best AI tools make money 2026 | In this guide, you'll find thebestAItoolstomakemoneyto start earning $300 to $10",2026-07-03 10:04:03,0,stable
15 Best AI Tools for Making Money in 2026 (Ranked by Income Potential),ai-content,Web Search,,https://richtactic.com/blog/best-ai-tools-making-money,90,medium,"Query: best AI tools make money 2026 | ThebestAItoolsfor makingmoneyranked by category: writing, image, video, coding, ",2026-07-03 10:04:03,0,stable
ChatGPT and GenAI Tools - Online Courses Available,courses,Web Search,,"https://duckduckgo.com/y.js?ad_domain=udemy.com&ad_provider=bingv7aa&ad_type=txad&click_metadata=3LtuhSiYookkKGeaWxJfCoEVL7pJVbJUJZKP1blP6k9F0cMVj4PrSNfOAPOhA6JN3mzPy8fsh5_iYwZ0-pU0dzVvcSScHB-6NxM818lC7bEP8CqSlFWm0Ul30dBWk_KZt84LqNxHzDS4H_1uNi9nipXGyomd0212OJvBHUCNQXk.w-k6yCM3H6H_CcD-3i4Y-w&rut=f7e6784ae188a9af9f1dfae13d1bfe0ad1e2734a7a6e4daf3f5dbabe199dcad0&u3=https://www.bing.com/aclick?ld=e8IPAaqJP6RQl_qKuT-cbcODVUCUyjK1XCEXA5mUV2zelgNKzoZU6q2wVHTLA-CfwPJA6Ay-6adlzx2ByDk5P4ymEgLiSnD9e0qeOSgahIwZSDPw40N2B6j07_5_XiLs365TRKzc3NryjskaLU_gMXrrgLu2AcpxjzRG72fsJ0SjygdlSay0iQ9nF-Ze__2TZDgfayxjBmJSph0rfdbMq_g3Hh5iw&u=aHR0cHMlM2ElMmYlMmZ3d3cudWRlbXkuY29tJTJmY291cnNlJTJmbWFzdGVyLWFpLXRvb2xzLWFuZC1jaGF0LWdwdC1mb3ItZWR1Y2F0b3JzLWFuZC10ZWFjaGVycyUyZiUzZnV0bV9jYW1wYWlnbiUzZEJHLVNlYXJjaF9EU0FfR2FtbWFfTm9uUF9sYS5FTl9jYy5ST1ctRW5nbGlzaCUyNnV0bV9zb3VyY2UlM2RiaW5nJTI2dXRtX21lZGl1bSUzZHBhaWQtc2VhcmNoJTI2cG9ydGZvbGlvJTNkQmluZy1ST1ctRW5nbGlzaCUyNnV0bV9hdWRpZW5jZSUzZG14JTI2dXRtX3RhY3RpYyUzZG5iJTI2dXRtX3Rlcm0lM2RfLl9hZ18xMzEzOTE4NzgzNzMxNjMzXy5fYWRfXy5fa3dfVGVhY2hpbmclMjUyMGVuJTI2dXRtX2NvbnRlbnQlM2RzJTI2ZnVubmVsJTNkJTI2dGVzdCUzZCUyNnV0bV9jYW1wYWlnbl9pZCUzZDYzODU5NjIzMCUyNm1zY2xraWQlM2Q2YTNlYTdjNDkzMDUxNTA3ZTJiYmNkODNiNmMyNzlkYQ&rlid=6a3ea7c493051507e2bbcd83b6c279da&vqd=4-318183855177335773635243583676499858706&iurl={1}IG=96D12B5281184AC2BCB30A157CDECD87&CID=08C385460B4B646F2B9E92CD0AB965BA&ID=DevEx,5039.1",85,medium,"Query: best AI tools make money 2026 | Find the right instructor for you. Choose from many topics, skill levels, and la",2026-07-03 10:04:03,0,stable
Artificial Intelligence Course - Machine Learning with AI,ai-content,Web Search,,"https://duckduckgo.com/y.js?ad_domain=alison.com&ad_provider=bingv7aa&ad_type=txad&click_metadata=bKdcIOgQwQO14kJGbrR6YjH3HnkHJrJJKQtI61KBd6qsETVNHj8rIKQggzGCO32dG1FYrHD2N0R_6ENE6pkme96GjHlB6vl5lu99UW2wDQkT55AaJKRrrFTL6JntcAWh28JX4R0sIJG2SyMrb1xRcoFuB8sVh6fpr-fSQln-zqE.cE2AJOlG73-kTAOFbYPkng&rut=52f2c3857c58e84d5d56364a96c03c18ffd8fdccfab20d51ec1d9b629ffd2234&u3=https://www.bing.com/aclick?ld=e8MY5NZZJtrsTVkSLjpgdBnTVUCUw_dV_vh3c3rHNJI_naNEkuBqWE9V1K3yETkH3kupIoei2vEUkCAwLLH3oEyxTlPkVn6wxuFfaI4ptf1lt_neVoYAgvtxU7MjRho8RmeVwimrByJnB0jRgKhgQVTyDwU1x97OPtqcLfaudsjeWiJfJT9e440I2YQekC5H0h-BlG7-nMKoXSZWxxQXU-WlRh4Mo&u=aHR0cHMlM2ElMmYlMmZhbGlzb24uY29tJTJmY291cnNlJTJmbWFjaGluZS1sZWFybmluZy13aXRoLWFydGlmaWNpYWwtaW50ZWxsaWdlbmNlJTNmdXRtX3NvdXJjZSUzZGJpbmclMjZ1dG1fbWVkaXVtJTNkY3BjJTI2dXRtX2NhbXBhaWduJTNkNTMzNTc2OTI5JTI2dXRtX2NvbnRlbnQlM2QxMzYwMDk4NjAxMTkzMzU1JTI2dXRtX3Rlcm0lM2Rrd2QtMjMzNjgwNTgwNzUyNzE2MCUzYWxvYy0xNzclMjZtc2Nsa2lkJTNkMTExNDZlMjgxMDRmMTI3Y2FiYjUwNDZmMzU4ODRlODA&rlid=11146e28104f127cabb5046f35884e80&vqd=4-196741254560182783966978207059268063195&iurl={1}IG=96D12B5281184AC2BCB30A157CDECD87&CID=08C385460B4B646F2B9E92CD0AB965BA&ID=DevEx,5044.1",85,medium,Query: best AI tools make money 2026 | Build practical QA and compliance skills with free online learning. Explore CPD-,2026-07-03 10:04:03,0,stable
"PeerTube is a free, decentralized and federated video platform",trending-products,Hacker News,,https://github.com/Chocobozzz/PeerTube,76,medium,HN story with 533 points,2026-07-03 10:04:03,0,stable
Best TCGs to Collect in 2026: Rankings - Hall of Cards,tcg,Web Search,,https://hallofcards.app/blog-posts/best-tcgs-to-collect-2026-complete-ranking-new-collectors,75,medium,"Query: trending TCG cards most valuable 2026 | Ranking the best tradingcardgames to collect in2026from Pokemon to Lorcana, with",2026-07-03 10:04:03,0,stable
The 10 Most Expensive Pokémon Cards of 2026 (So Far),tcg,Web Search,,https://www.tcgplayer.com/content/article/The-10-Most-Expensive-Pokémon-Cards-of-2026-So-Far/3415e9ac-954f-41eb-95dd-6859ece1472d/,75,medium,"Query: trending TCG cards most valuable 2026 | It's hard to believe that just three years ago, themostvaluablePokémoncardof 202",2026-07-03 10:04:03,0,stable
TCG Market Report May 2026: Price Moves & Trends | Home Town Cards ...,tcg,Web Search,,https://www.hometown.cards/news/tcg-market-may-2026-whats-moving,75,medium,"Query: trending TCG cards most valuable 2026 | May2026tradingcardmarket analysis. Pokemon up 116% YoY, Magic Pro Tour price spi",2026-07-03 10:04:03,0,stable
10 Most Valuable TCG Cards of 2026 - Card Gamer,tcg,Web Search,,https://cardgamer.com/best-lists/most-valuable-tcg-cards/,75,medium,"Query: trending TCG cards most valuable 2026 | Want to know what the current,mostexpensivecardsare for allTCGs? Let's take a lo",2026-07-03 10:04:03,0,stable
The Hottest Sports & Trading Cards to Invest in for 2026,tcg,Web Search,,https://columbiasportscard.com/blogs/news/the-hottest-sports-trading-cards-to-invest-in-for-2026,75,medium,Query: trending TCG cards most valuable 2026 | The Hottest Sports &amp; TradingCardsto Invest in for2026Why2026Is a watershed y,2026-07-03 10:04:03,0,stable
Reality has a surprising amount of detail (2017),ai-content,Hacker News,,https://johnsalvatier.org/blog/2017/reality-has-a-surprising-amount-of-detail,67,medium,HN story with 154 points,2026-07-03 10:04:03,0,stable
GitHub is proud to announce that you can now obtain your public repo on CD-ROM,ai-content,Hacker News,,https://forms.cloud.microsoft/pages/responsepage.aspx?id=v4j5cvGGr0GRqy180BHbR6G-c11n8yFDlQmk4B-QjDxUQkdTTjZLU0EyTFFRV1E3NVRTVTRTWjRHMy4u&route=shorturl,64,medium,HN story with 92 points,2026-07-03 10:04:03,0,stable
The short leash AI coding method for beating Fable,ai-content,Hacker News,,https://blog.okturtles.org/2026/07/short-leash-ai-method/,63,medium,HN story with 69 points,2026-07-03 10:04:03,0,stable
mekos2772/ios-location-spoofer: Standalone iOS app to spoof GPS location without jailbreak. Includes Shadowrocke,ai-content,GitHub Trending,,https://github.com/mekos2772/ios-location-spoofer,100,low,New repo with 1238 stars today,2026-07-04 00:45:11,0,stable
"Kulaxyz/self-learning-skills: A self-improving skill for AI coding agents (Claude Code, Cursor, AGENTS.md): re",ai-content,GitHub Trending,,https://github.com/Kulaxyz/self-learning-skills,100,low,New repo with 774 stars today,2026-07-04 00:45:11,0,stable
"TianhangZhuzth/Fundamental-Ava: Build digital human beings — autonomous, collaborative, and socially intelligent",ai-content,GitHub Trending,,https://github.com/TianhangZhuzth/Fundamental-Ava,100,low,New repo with 518 stars today,2026-07-04 00:45:11,0,stable
"HUANGCHIHHUNGLeo/claude-real-video: Let Claude (or any LLM) actually watch a video — scene-aware, deduplicated frame",trending-products,GitHub Trending,,https://github.com/HUANGCHIHHUNGLeo/claude-real-video,100,low,New repo with 485 stars today,2026-07-04 00:45:11,0,stable
uzairansaruzi/hermex: Native iPhone app for your Hermes agent,ai-content,GitHub Trending,,https://github.com/uzairansaruzi/hermex,100,low,New repo with 389 stars today,2026-07-04 00:45:11,0,stable
lingbol088-spec/reverse-flow-skill: 面向 AI Agent / Codex 的本地 CTF 逆向工程流程技能。加载后通过“真心为你”进入逆向模式，默认在本地沙盒、CTF、crackme、warga,ai-content,GitHub Trending,,https://github.com/lingbol088-spec/reverse-flow-skill,100,low,New repo with 310 stars today,2026-07-04 00:45:11,0,stable
"Evolink-AI/Awesome-Blender-Seedance-Workflow-Usecases: Curated Blender + Seedance workflows for AI filmmaking: previs, camera control, ",ai-content,GitHub Trending,,https://github.com/Evolink-AI/Awesome-Blender-Seedance-Workflow-Usecases,100,low,New repo with 293 stars today,2026-07-04 00:45:11,0,stable
"revfactory/webtoon-harness: 트렌드 조사부터 세로 스크롤 뷰어 완성까지, 웹툰 한 회차를 27개 AI 에이전트 팀이 만들어내는 Claude Code 하네스",ai-content,GitHub Trending,,https://github.com/revfactory/webtoon-harness,100,low,New repo with 250 stars today,2026-07-04 00:45:11,0,stable
Half-Baked Product,trending-products,Hacker News,,https://weli.dev/blog/half-baked-product/,95,medium,HN story with 985 points,2026-07-04 00:45:11,0,stable
11 Best AI Tools to Make Money Online in 2026 | Easy Side Hustles,ai-content,Web Search,,https://www.allaboutai.com/best-ai-tools/productivity/money-making/,93,medium,"Cross-source: Web Search, Web Search | Query: best AI tools make money 2026 | In this guide, you'll find thebestAItoolstomakemoneyto start earning $300 to $10",2026-07-04 00:45:11,0,stable
15 Best AI Tools for Making Money in 2026 (Ranked by Income Potential),ai-content,Web Search,,https://richtactic.com/blog/best-ai-tools-making-money,90,medium,"Query: best AI tools make money 2026 | ThebestAItoolsfor makingmoneyranked by category: writing, image, video, coding, ",2026-07-04 00:45:11,0,stable
How to Make Money with AI in 2026: 15 Real Methods That Pay,ai-content,Web Search,,https://sidequesthustle.com/guides/best-ai-side-hustles-2026,90,medium,Query: best AI tools make money 2026 | 15 proven ways tomakemoneywithAItoolsin2026. From ChatGPT freelancing toAI-power,2026-07-04 00:45:11,0,stable
"AI for Teachers - ChatGPT, Lesson Planning & Classroom AI",ai-content,Web Search,,"https://duckduckgo.com/y.js?ad_domain=udemy.com&ad_provider=bingv7aa&ad_type=txad&click_metadata=5U2JLSygHG4w0vM8xkpvFD2cSJ0MYhI2mO9O8TUUySPuoh3IK-d32V9rrgdThQ-DtQ1gkV4AdwE_Ytq9Pj-ayMwynlbBU2U4p59fScmF4MfGwu-vBh5dEbjNSj97LxdkQm9vcNy7mwXkWoKHhxV6RbouuMM_nnAXCbiP_7mK1xQ.92sV-qm6ezDxPuw2Q7VJlA&rut=630d4b37c333150b3e8116291c8a9cbdda9c6c2ee6383ca80879d0b928ab9c95&u3=https://www.bing.com/aclick?ld=e8z-dnGIRd6Oi_FCUcVKXowDVUCUyy4BKiCOuCs2ph_T-KykT9E8kTLLrERTLCNKBwqtu-TfOJVjBZgvg7T93GtrXbc_NhxV9o5GcZro_IJkxkVsYK5RawvaHevd2e89djRUMfYsJNJQNKM93nFFq6RW_I3Ulssj4TLtxMRQMTj47A8Ow3z108rE3Zp8oPZrGSewEOsslIU_K_BTgdNbv9Ua0o1Xk&u=aHR0cHMlM2ElMmYlMmZ3d3cudWRlbXkuY29tJTJmY291cnNlJTJmbWFzdGVyLWFpLXRvb2xzLWFuZC1jaGF0LWdwdC1mb3ItZWR1Y2F0b3JzLWFuZC10ZWFjaGVycyUyZiUzZnV0bV9jYW1wYWlnbiUzZEJHLVNlYXJjaF9EU0FfR2FtbWFfTm9uUF9sYS5FTl9jYy5ST1ctRW5nbGlzaCUyNnV0bV9zb3VyY2UlM2RiaW5nJTI2dXRtX21lZGl1bSUzZHBhaWQtc2VhcmNoJTI2cG9ydGZvbGlvJTNkQmluZy1ST1ctRW5nbGlzaCUyNnV0bV9hdWRpZW5jZSUzZG14JTI2dXRtX3RhY3RpYyUzZG5iJTI2dXRtX3Rlcm0lM2RfLl9hZ18xMzEzOTE4NzgzNzMxNjMzXy5fYWRfXy5fa3dfVGVhY2hpbmclMjUyMGVuJTI2dXRtX2NvbnRlbnQlM2RzJTI2ZnVubmVsJTNkJTI2dGVzdCUzZCUyNnV0bV9jYW1wYWlnbl9pZCUzZDYzODU5NjIzMCUyNm1zY2xraWQlM2RiMzI2MmNkYWY3ZmMxODQzMjEzYzQ2OWQwM2IwNTM1Ng&rlid=b3262cdaf7fc1843213c469d03b05356&vqd=4-270123428020341953337675042460620151649&iurl={1}IG=883421F6F069489ABAB5D49F9B067AD9&CID=2092E30069B962711608F48B686963BF&ID=DevEx,5039.1",85,medium,"Query: best AI tools make money 2026 | Find the right instructor for you. Choose from many topics, skill levels, and la",2026-07-04 00:45:11,0,stable
Reality has a surprising amount of detail (2017),ai-content,Hacker News,,https://johnsalvatier.org/blog/2017/reality-has-a-surprising-amount-of-detail,77,medium,HN story with 346 points,2026-07-04 00:45:11,10,rising
Most Valuable Trading Card Game Cards 2026: Top 50,tcg,Web Search,,https://pregradecards.com/blog/most-valuable-tcg-cards-2026,75,medium,Query: trending TCG cards most valuable 2026 | Themostvaluablecommercially available tradingcardgamecardis the Alpha Black Lotu,2026-07-04 00:45:11,0,stable
Best TCGs to Collect in 2026: Rankings - Hall of Cards,tcg,Web Search,,https://hallofcards.app/blog-posts/best-tcgs-to-collect-2026-complete-ranking-new-collectors,75,medium,"Query: trending TCG cards most valuable 2026 | Ranking the best tradingcardgames to collect in2026from Pokemon to Lorcana, with",2026-07-04 00:45:11,0,stable
10 Most Valuable TCG Cards of 2026 - Card Gamer,tcg,Web Search,,https://cardgamer.com/best-lists/most-valuable-tcg-cards/,75,medium,"Query: trending TCG cards most valuable 2026 | Want to know what the current,mostexpensivecardsare for allTCGs? Let's take a lo",2026-07-04 00:45:11,0,stable
Mtg Card Prices — Complete Price Guide (2026) | Guardian TCG,tcg,Web Search,,https://guardiantcg.app/games/mtg/most-valuable,75,medium,Query: trending TCG cards most valuable 2026 | Complete Mtg price guide with real-time pricing for everycard. Track market tren,2026-07-04 00:45:11,0,stable
TCG Market Report May 2026: Price Moves & Trends | Home Town Cards ...,tcg,Web Search,,https://www.hometown.cards/news/tcg-market-may-2026-whats-moving,75,medium,"Query: trending TCG cards most valuable 2026 | May2026tradingcardmarket analysis. Pokemon up 116% YoY, Magic Pro Tour price spi",2026-07-04 00:45:11,0,stable
Valve open source the Steam Machine e-ink screen so you can make your own,trending-products,Hacker News,,https://www.gamingonlinux.com/2026/07/valve-open-source-the-steam-machine-e-ink-screen-so-you-can-make-your-own/,67,medium,HN story with 344 points,2026-07-04 00:45:11,0,stable
mekos2772/ios-location-spoofer: Standalone iOS app to spoof GPS location without jailbreak. Includes Shadowrocke,ai-content,GitHub Trending,,https://github.com/mekos2772/ios-location-spoofer,100,low,New repo with 1258 stars today,2026-07-04 10:04:06,0,stable
"Kulaxyz/self-learning-skills: A self-improving skill for AI coding agents (Claude Code, Cursor, AGENTS.md): re",ai-content,GitHub Trending,,https://github.com/Kulaxyz/self-learning-skills,100,low,New repo with 804 stars today,2026-07-04 10:04:06,0,stable
"HUANGCHIHHUNGLeo/claude-real-video: Let Claude (or any LLM) actually watch a video — scene-aware, deduplicated frame",trending-products,GitHub Trending,,https://github.com/HUANGCHIHHUNGLeo/claude-real-video,100,low,New repo with 540 stars today,2026-07-04 10:04:06,0,stable
"TianhangZhuzth/Fundamental-Ava: Build digital human beings — autonomous, collaborative, and socially intelligent",ai-content,GitHub Trending,,https://github.com/TianhangZhuzth/Fundamental-Ava,100,low,New repo with 520 stars today,2026-07-04 10:04:06,0,stable
uzairansaruzi/hermex: Native iPhone app for your Hermes agent,ai-content,GitHub Trending,,https://github.com/uzairansaruzi/hermex,100,low,New repo with 450 stars today,2026-07-04 10:04:06,0,stable
jamesob/local-llm: Everything I know about running LLMs locally,trending-products,GitHub Trending,,https://github.com/jamesob/local-llm,100,low,New repo with 367 stars today,2026-07-04 10:04:06,0,stable
"jmerelnyc/Talos: GPU worker client for the Talos network. Pairs with your Talos account, serves o",ai-content,GitHub Trending,,https://github.com/jmerelnyc/Talos,100,low,New repo with 336 stars today,2026-07-04 10:04:06,0,stable
lingbol088-spec/reverse-flow-skill: 面向 AI Agent / Codex 的本地 CTF 逆向工程流程技能。加载后通过“真心为你”进入逆向模式，默认在本地沙盒、CTF、crackme、warga,ai-content,GitHub Trending,,https://github.com/lingbol088-spec/reverse-flow-skill,100,low,New repo with 318 stars today,2026-07-04 10:04:06,0,stable
"Evolink-AI/Awesome-Blender-Seedance-Workflow-Usecases: Curated Blender + Seedance workflows for AI filmmaking: previs, camera control, ",ai-content,GitHub Trending,,https://github.com/Evolink-AI/Awesome-Blender-Seedance-Workflow-Usecases,100,low,New repo with 294 stars today,2026-07-04 10:04:06,0,stable
"revfactory/webtoon-harness: 트렌드 조사부터 세로 스크롤 뷰어 완성까지, 웹툰 한 회차를 27개 AI 에이전트 팀이 만들어내는 Claude Code 하네스",ai-content,GitHub Trending,,https://github.com/revfactory/webtoon-harness,100,low,New repo with 250 stars today,2026-07-04 10:04:06,0,stable
15 Best AI Tools for Making Money in 2026 (Ranked by Income Potential),ai-content,Web Search,,https://richtactic.com/blog/best-ai-tools-making-money,90,medium,"Query: best AI tools make money 2026 | ThebestAItoolsfor makingmoneyranked by category: writing, image, video, coding, ",2026-07-04 10:04:06,0,stable
11 Best AI Tools to Make Money Online in 2026 | Easy Side Hustles,ai-content,Web Search,,https://www.allaboutai.com/best-ai-tools/productivity/money-making/,90,medium,"Query: best AI tools make money 2026 | In this guide, you'll find thebestAItoolstomakemoneyto start earning $300 to $10",2026-07-04 10:04:06,-3,stable
How to Make Money with AI in 2026: 15 Real Methods That Pay,ai-content,Web Search,,https://sidequesthustle.com/guides/best-ai-side-hustles-2026,90,medium,Query: best AI tools make money 2026 | 15 proven ways tomakemoneywithAItoolsin2026. From ChatGPT freelancing toAI-power,2026-07-04 10:04:06,0,stable
Ask AI Anything on Any Tabs - Top AI Tools in One Click,ai-content,Web Search,,"https://duckduckgo.com/y.js?ad_domain=sider.ai&ad_provider=bingv7aa&ad_type=txad&click_metadata=u9DbeluSghvHWvnfQzv8L99J7SHNmZ2B0WDD21352PbfHyC79CGPdkEKDArUvE4niAiMnY-C5-rrRC6LnqGGARtyfrJH2khhTIehntCzx2LH1WhkbOf2vymkxX6WkJUJFWu_YFXvqKx_prdEpwmLW0SapkxkQSt0Ue_YSeqCCGo.zP6PMI87VJTT61j9NpAJ8Q&rut=0db951ac8370a3fe7d8f698684b3cf9f681d65b56a402c6cc45feed63ab06b46&u3=https://www.bing.com/aclick?ld=e8rQLNjRho6wp4Mgi2laLi_jVUCUznK9IA2zaJHe2_7anIkMA__wYzmDdTuc-xbun_T7fytei2cfK5U7-5ax7TM4Ji10YpfPsbMv1G9rxGV90MUsptTb4vjuJnqJWaXTiiCYfxJkQ2IdomQZ05K7hmy1EIcxn45-zah44X0Xd5_-_t1zfhQang5iAybL-3k2FLb3TD5LMyOx95Wg30rL-oncWNCp4&u=aHR0cHMlM2ElMmYlMmZzaWRlci5haSUyZmFwcHMlMmZscC1jaGF0Z3B0JTNmc291cmNlJTNkYiUyNnAxJTNkY2hhdGdwdCUyNnAyJTNkc2VhcmNoJTI2bXNjbGtpZCUzZGFiM2MxMjc4NDI4MTE4OGQxMzhiNzgzMDM1YzgyMTdl&rlid=ab3c12784281188d138b783035c8217e&vqd=4-303742597969424948115403176665679300097&iurl={1}IG=3B3A2A40184F48909B037F8F854CCD00&CID=066177E1333C6B790319606D32A06AA9&ID=DevEx,5039.1",85,medium,"Query: best AI tools make money 2026 | Join 4M+ users enjoyingAImultitasking. Add to your browser today! Use ChatGPT, o",2026-07-04 10:04:06,0,stable
2026-Mastering Generative AI-From LLMs to Applications,ai-content,Web Search,,"https://duckduckgo.com/y.js?ad_domain=udemy.com&ad_provider=bingv7aa&ad_type=txad&click_metadata=p4HbuQZLxBqDXwb1CjrAOwxoH5AKwiGSUpA1Mq4TM1UM3_9h2muJbtyzrRMhjdheAVLikwRTAtrNvWyrQ-aNn5OkiQJQprwgxuTTuHJXwq8MvCD1YKFLW7pUSufIl-99U3Y8qi1EbzwE5FdoMXoWWB-_C0p6XCGrClc8nJd91Sc.CgbxYfCRtl8NmfpV-Dct4A&rut=65b2e9dd7283a93479517d504f400f53e39eda6973e9be9cfec3018d252cfb63&u3=https://www.bing.com/aclick?ld=e86EQQC06t-8xsXuA4CogE8jVUCUxpocPaS9RyXFpTYme5jOycSfgYkPEBEYGUivCtV4rFR4xCLBXRl_e67-TvqLlGHVs_3QqBhtjRRhX4zaVS7P_R1VbbKkDjOh-a2H5DALUZdAbVFAjg_USJP5WIsm9VtKtDrJew_sw4cbYXFZhaZNQIQRC4JKeDQVLn7Z6ldFiA4LM1nvt7GnXV3TnlOnRvmIo&u=aHR0cHMlM2ElMmYlMmZ3d3cudWRlbXkuY29tJTJmY291cnNlJTJmZ2VuZXJhdGl2ZS1haS1sbG0tYW5kLWJleW9uZCUyZiUzZnV0bV9jYW1wYWlnbiUzZEJHLVNlYXJjaF9EU0FfQWxwaGFfUHJvZl9sYS5FTl9jYy5ST1ctRW5nbGlzaCUyNnV0bV9zb3VyY2UlM2RiaW5nJTI2dXRtX21lZGl1bSUzZHBhaWQtc2VhcmNoJTI2cG9ydGZvbGlvJTNkQmluZy1ST1ctRW5nbGlzaCUyNnV0bV9hdWRpZW5jZSUzZG14JTI2dXRtX3RhY3RpYyUzZG5iJTI2dXRtX3Rlcm0lM2RfLl9hZ18xMzE3MjE3MzE4NjQ5NjA0Xy5fYWRfXy5fa3dfRGF0YSUyNTIwU2NpZW5jZSUyNnV0bV9jb250ZW50JTNkcyUyNmZ1bm5lbCUzZCUyNnRlc3QlM2QlMjZ1dG1fY2FtcGFpZ25faWQlM2Q2Mzg1OTYyMjglMjZtc2Nsa2lkJTNkMDc4MTU2NDUxOTY0MWQ1YmFiNjYzYzBkNmUyZDg0ZWQ&rlid=0781564519641d5bab663c0d6e2d84ed&vqd=4-149445958308614281429165912657251333343&iurl={1}IG=3B3A2A40184F48909B037F8F854CCD00&CID=066177E1333C6B790319606D32A06AA9&ID=DevEx,5045.1",85,medium,Query: best AI tools make money 2026 | Learn Data Science online at your own pace. Start today and improve your skills.,2026-07-04 10:04:06,0,stable
Most Valuable Trading Card Game Cards 2026: Top 50,tcg,Web Search,,https://pregradecards.com/blog/most-valuable-tcg-cards-2026,75,medium,Query: trending TCG cards most valuable 2026 | Themostvaluablecommercially available tradingcardgamecardis the Alpha Black Lotu,2026-07-04 10:04:06,0,stable
Best TCGs to Collect in 2026: Rankings - Hall of Cards,tcg,Web Search,,https://hallofcards.app/blog-posts/best-tcgs-to-collect-2026-complete-ranking-new-collectors,75,medium,"Query: trending TCG cards most valuable 2026 | Ranking the best tradingcardgames to collect in2026from Pokemon to Lorcana, with",2026-07-04 10:04:06,0,stable
10 Most Valuable TCG Cards of 2026 - Card Gamer,tcg,Web Search,,https://cardgamer.com/best-lists/most-valuable-tcg-cards/,75,medium,"Query: trending TCG cards most valuable 2026 | Want to know what the current,mostexpensivecardsare for allTCGs? Let's take a lo",2026-07-04 10:04:06,0,stable
Mtg Card Prices — Complete Price Guide (2026) | Guardian TCG,tcg,Web Search,,https://guardiantcg.app/games/mtg/most-valuable,75,medium,Query: trending TCG cards most valuable 2026 | Complete Mtg price guide with real-time pricing for everycard. Track market tren,2026-07-04 10:04:06,0,stable
The 10 Most Expensive Pokémon Cards of 2026 (So Far),tcg,Web Search,,https://www.tcgplayer.com/content/article/The-10-Most-Expensive-Pokémon-Cards-of-2026-So-Far/3415e9ac-954f-41eb-95dd-6859ece1472d/,75,medium,"Query: trending TCG cards most valuable 2026 | It's hard to believe that just three years ago, themostvaluablePokémoncardof 202",2026-07-04 10:04:06,0,stable
Espionage Against the European Parliament,ai-content,Hacker News,,https://citizenlab.ca/research/member-of-committee-investigating-spyware-hacked-with-pegasus/,74,medium,HN story with 285 points,2026-07-04 10:04:06,0,stable
mekos2772/ios-location-spoofer: Standalone iOS app to spoof GPS location without jailbreak. Includes Shadowrocke,ai-content,GitHub Trending,,https://github.com/mekos2772/ios-location-spoofer,100,low,New repo with 1283 stars today,2026-07-05 00:49:14,0,stable
"HUANGCHIHHUNGLeo/claude-real-video: Let Claude (or any LLM) actually watch a video — scene-aware, deduplicated frame",trending-products,GitHub Trending,,https://github.com/HUANGCHIHHUNGLeo/claude-real-video,100,low,New repo with 700 stars today,2026-07-05 00:49:14,0,stable
jamesob/local-llm: Everything I know about running LLMs locally,trending-products,GitHub Trending,,https://github.com/jamesob/local-llm,100,low,New repo with 664 stars today,2026-07-05 00:49:14,0,stable
"jmerelnyc/Talos: GPU worker client for the Talos network. Pairs with your Talos account, serves o",ai-content,GitHub Trending,,https://github.com/jmerelnyc/Talos,100,low,New repo with 551 stars today,2026-07-05 00:49:14,0,stable
"TianhangZhuzth/Fundamental-Ava: Build digital human beings — autonomous, collaborative, and socially intelligent",ai-content,GitHub Trending,,https://github.com/TianhangZhuzth/Fundamental-Ava,100,low,New repo with 522 stars today,2026-07-05 00:49:14,0,stable
uzairansaruzi/hermex: Native iPhone app for your Hermes agent,ai-content,GitHub Trending,,https://github.com/uzairansaruzi/hermex,100,low,New repo with 510 stars today,2026-07-05 00:49:14,0,stable
"Kulaxyz/token-diet: Always-on token-efficiency skill for coding agents (Claude Code, Codex, Cursor, ",trending-products,GitHub Trending,,https://github.com/Kulaxyz/token-diet,100,low,New repo with 399 stars today,2026-07-05 00:49:14,0,stable
lingbol088-spec/reverse-flow-skill: 面向 AI Agent / Codex 的本地 CTF 逆向工程流程技能。加载后通过“真心为你”进入逆向模式，默认在本地沙盒、CTF、crackme、warga,ai-content,GitHub Trending,,https://github.com/lingbol088-spec/reverse-flow-skill,100,low,New repo with 345 stars today,2026-07-05 00:49:14,0,stable
"Evolink-AI/Awesome-Blender-Seedance-Workflow-Usecases: Curated Blender + Seedance workflows for AI filmmaking: previs, camera control, ",ai-content,GitHub Trending,,https://github.com/Evolink-AI/Awesome-Blender-Seedance-Workflow-Usecases,100,low,New repo with 297 stars today,2026-07-05 00:49:14,0,stable
xt4d/GameBlocks: Concise and self-explanatory building blocks that help coding agents prototype b,trending-products,GitHub Trending,,https://github.com/xt4d/GameBlocks,100,low,New repo with 215 stars today,2026-07-05 00:49:14,0,stable
SuperJJ007/CSSwitch: 帮你的 Claude Science 一键接入你自己的 API：DeepSeek / 通义千问 / 智谱 GLM / Kimi / MiniMax / 小米 M,ai-content,GitHub Trending,,https://github.com/SuperJJ007/CSSwitch,100,low,New repo with 213 stars today,2026-07-05 00:49:14,0,stable
Using agents to generate passive income : r/ClaudeAI - Reddit,trending-products,Reddit,,https://www.reddit.com/r/ClaudeAI/comments/1dpobt1/using_agents_to_generate_passive_income/,100,varies,I'm working on some tools to help people create agents that generatepassiveincomewith claude/chatgpt,2026-07-05 00:49:14,0,stable
Ideas on how to use AI to set up a passive income stream?,trending-products,Reddit,,https://www.reddit.com/r/sidehustle/comments/17f9vz0/ideas_on_how_to_use_ai_to_set_up_a_passive_income/,100,varies,"195 votes, 214 comments. Would like to find something not terribly time consuming. Not sure if I cou",2026-07-05 00:49:14,0,stable
How do you make money with AI? : r/passive_income - Reddit,trending-products,Reddit,,https://www.reddit.com/r/passive_income/comments/1ce36ln/how_do_you_make_money_with_ai/,100,varies,Use tools that useAIto make you money: There's a bunch of products that useAIunder the hood to make ,2026-07-05 00:49:14,0,stable
"$0 to $3,674/m in 14 Months (Auto AI Content Site: Passive income ...",trending-products,Reddit,,https://www.reddit.com/r/passive_income/comments/1dezu8y/0_to_3674m_in_14_months_auto_ai_content_site/,100,varies,"Create a contentsitewith automatedAIcontent (cheap as compared to human writers, costs shared in thi",2026-07-05 00:49:14,0,stable
akihitohyh/chatgpt-register-sub2api: ,trending-products,GitHub Trending,,https://github.com/akihitohyh/chatgpt-register-sub2api,97,low,New repo with 186 stars today,2026-07-05 00:49:14,0,stable
Daily Deals on eBay | Best deals and Free Shipping,trending-products,eBay,,https://www.ebay.com/deals,94,medium,"Cross-source: eBay, eBay | Cross-source: eBay, eBay | Cross-source: eBay, eBay | Cross-source: eBay, eBay | eBay trending deal",2026-07-05 00:49:14,0,stable
The bottleneck might be the air in the room,ai-content,Hacker News,,https://blog.mikebowler.ca/2026/07/03/co2-and-decision-making/,92,medium,HN story with 642 points,2026-07-05 00:49:14,0,stable
The Best ChatGPT & AI Course - Make Money With AI,ai-content,Web Search,,"https://duckduckgo.com/y.js?ad_domain=udemy.com&ad_provider=bingv7aa&ad_type=txad&click_metadata=shLwleuMWTvIXJRXqCtM1MicEx-b7nr83GTRLVlODLWIt_dM4BTCw5zH4f2mQzxhpDQJDzl1VEwvR99Po5t6MGusPKHWmr6DobCfbwn3pRZu_ACQ74bDGwX9weXVK36Zx-qMLxcBqYHARhsBlm1xidVn0ZOXA9LKxgXa-WXoqts.dBfTpCKnAqW0JiNntWuFRA&rut=270635c0054c059de9f628e502be8dea74fee61594714818296820e35f8ad863&u3=https://www.bing.com/aclick?ld=e8B9buJhF9t4NyfXmypWViyjVUCUznyClSiEyYnjXoaK3OpVtaQ2XRmlsRZ4io5ZhXEjDmelKRmzFYdhQ_SopDeKi6ivcZgg2Ikxw8Y5rbsEQo0Y2BaqIGodYe4f57_zE6shBcCrHNOfmWGN6xlIg-f5mLCapE2xwVc7X15v00wJ6RCn42r_LihptYayR_vk2re3l8qx9Gfok_UhBpEG_RfYXuz8w&u=aHR0cHMlM2ElMmYlMmZ3d3cudWRlbXkuY29tJTJmY291cnNlJTJmdGhlLWJlc3QtY2hhdGdwdC1haS1jb3Vyc2UtbWFrZS1tb25leS13aXRoLWFpJTJmJTNmdXRtX2NhbXBhaWduJTNkQkctU2VhcmNoX0RTQV9CZXRhX1Byb2ZfbGEuRU5fY2MuUk9XLUVuZ2xpc2glMjZ1dG1fc291cmNlJTNkYmluZyUyNnV0bV9tZWRpdW0lM2RwYWlkLXNlYXJjaCUyNnBvcnRmb2xpbyUzZEJpbmctUk9XLUVuZ2xpc2glMjZ1dG1fYXVkaWVuY2UlM2RteCUyNnV0bV90YWN0aWMlM2RuYiUyNnV0bV90ZXJtJTNkXy5fYWdfMTMyNjAxMzQxMTY3NjM2NF8uX2FkX18uX2t3X0lUJTI1MjBlbiUyNnV0bV9jb250ZW50JTNkcyUyNmZ1bm5lbCUzZCUyNnRlc3QlM2QlMjZ1dG1fY2FtcGFpZ25faWQlM2Q2Mzg1OTYyMjklMjZtc2Nsa2lkJTNkZThmNmM4MzAyYzYzMWQ5YjUyYzFhMjc5NmFiZDAxOWE&rlid=e8f6c8302c631d9b52c1a2796abd019a&vqd=4-291301599693186162676523762787370437733&iurl={1}IG=06A7734C37004042AFECF4256D12B8B2&CID=36F030C7B57662BB0F1F274BB4EA6375&ID=DevEx,5039.1",90,medium,"Query: best AI tools make money 2026 | Find the right instructor for you. Choose from many topics, skill levels, and la",2026-07-05 00:49:14,0,stable
11 Best AI Tools to Make Money Online in 2026 | Easy Side Hustles,ai-content,Web Search,,https://www.allaboutai.com/best-ai-tools/productivity/money-making/,90,medium,"Query: best AI tools make money 2026 | In this guide, you'll find thebestAItoolstomakemoneyto start earning $300 to $10",2026-07-05 00:49:14,0,stable
15 Best AI Tools for Making Money in 2026 (Ranked by Income Potential),ai-content,Web Search,,https://richtactic.com/blog/best-ai-tools-making-money,90,medium,"Query: best AI tools make money 2026 | ThebestAItoolsfor makingmoneyranked by category: writing, image, video, coding, ",2026-07-05 00:49:14,0,stable
How to Make Money with AI in 2026: 15 Real Methods That Pay,ai-content,Web Search,,https://sidequesthustle.com/guides/best-ai-side-hustles-2026,90,medium,Query: best AI tools make money 2026 | 15 proven ways tomakemoneywithAItoolsin2026. From ChatGPT freelancing toAI-power,2026-07-05 00:49:14,0,stable
#viralproducts2026 - TikTok,trending-products,TikTok,,https://www.tiktok.com/tag/viralproducts2026,89,medium,"Cross-source: TikTok, TikTok | Cross-source: TikTok, TikTok | Cross-source: TikTok, TikTok | Cross-source: TikTok, TikTok | Cross-source: TikTok, TikTok | Discover the 3 new Chineseproductsthat can blow up in2026and help you dominate your local market. Th",2026-07-05 00:49:14,0,stable
"Notion Ultimate Life Planner Template, Full Life Second Brain ... - Etsy",digital-products,Etsy Sold,,https://www.etsy.com/listing/4532215303/notion-ultimate-life-planner-template,88,medium,"Cross-source: Etsy Sold, Etsy Sold | Cross-source: Etsy Sold, Etsy Sold | Sold listing | ThisPlannerTemplatesitem issoldby NorthValeHub. Ships from United States. Listed",2026-07-05 00:49:14,0,stable
Trending Sublimation - Etsy,print-on-demand,Etsy,,https://www.etsy.com/market/trending_sublimation,87,medium,"Cross-source: Etsy, Etsy | Cross-source: Etsy, Etsy | Cross-source: Etsy, Etsy | Cross-source: Etsy, Etsy | Cross-source: Etsy, Etsy | Etsy trending listing",2026-07-05 00:49:14,0,stable
Would love to hear from sellers who create digital downloads ... - Reddit,digital-products,Reddit,,https://www.reddit.com/r/EtsySellers/comments/vasu8w/would_love_to_hear_from_sellers_who_create/,87,varies,"31 votes, 42 comments. Hi! I just opened my firstprintondemandEtsystore and I'm looking to reduce co",2026-07-05 00:49:14,0,stable
Is Print on Demand a Complete Loss? : r/EtsySellers - Reddit,print-on-demand,Reddit,,https://www.reddit.com/r/EtsySellers/comments/17xzsiu/is_print_on_demand_a_complete_loss/,87,varies,A subreddit forEtsysellers on Reddit to collaborate and discuss techniques and experiences selling t,2026-07-05 00:49:14,0,stable
BI Analytics AI Course - AI-Driven Decision Making,ai-content,Web Search,,"https://duckduckgo.com/y.js?ad_domain=asktraining.com.sg&ad_provider=bingv7aa&ad_type=txad&click_metadata=rVGO2t9Tg_XOEgvpZ7qc9IdKvnrQwXgMqurVOJL5-4KNQHwBSj8oGQe2cn4nbMMX0Lxt6EnJYpE6kKs-mqGTTy4jdYgggHLPkp2XY0Y9w0hDVCiCBioBd9bNhUBg4xKn245JmYEfbBvr-DER0hGsiVLyu6J4CnaZJ05Q6aQ3LEA.Kxa6tT01YJwmQkkHg0nSMQ&rut=7f04688b4417a48cd6bd0baa69383cfdf1986ac623613a4596040e5898f15076&u3=https://www.bing.com/aclick?ld=e81Yq-vFjUy6WRbF9tZc_wQTVUCUwhU1Em60qI_NhBysBTpD8Ndx2zIW8eXnaiwRiqnK7uUeOHd0UT9hAYuDCYZHR2aOtvD4abHP6SqSdWtMn5WZ2KP-KPA3xJvyyh0w6U9JsDwFSIwmKfoAbKdZLLYAbvYv1CAoq0GpJ5mNnOuhcqtGkKQ0yLICFhPMqosidvHOLp2S6yWc78Pu8oUTmfc2GBOyY&u=aHR0cHMlM2ElMmYlMmZtb25pdG9yLmNsaWNrY2Vhc2UuY29tJTJmdHJhY2tlciUyZnRyYWNrZXIuYXNweCUzZmlkJTNkT0lsb0ZYTE5EQm9scFElMjZhZHBvcyUzZCUyNmxvY3BoaXNpY2FsJTNkMTY0JTI2bG9jaW50ZXJlc3QlM2QlMjZhZGdycCUzZDEyMzE0NTQ1Mjc4MjYzNzQlMjZrdyUzZGFza3RyYWluaW5nLmNvbS5zZyUyNm53JTNkcyUyNnVybCUzZGh0dHBzJTI1M0ElMjUyRiUyNTJGYXNrdHJhaW5pbmcuY29tLnNnJTI1MkZnZW5lcmF0aXZlLWFpLWNvdXJzZXMlMjUyRmFpLWRyaXZlbi1idXNpbmVzcy1pbnRlbGxpZ2VuY2Utc21hcnRlci1yZXBvcnRpbmctYW5hbHl0aWNzJTI1MkYlMjZjcG4lM2Q0ODc5Mzc0NTMlMjZkZXZpY2UlM2RjJTI2Y2NwdHVybCUzZGFza3RyYWluaW5nLmNvbS5zZyUyNnBsJTNkJTI2bXNjbGtpZCUzZDJiNzY3NDEzMWQ5ODE3ZGQ4Yjg0MWU1YTViNDY2NDcw&rlid=2b7674131d9817dd8b841e5a5b466470&vqd=4-115717626020386184924386922060516277648&iurl={1}IG=06A7734C37004042AFECF4256D12B8B2&CID=36F030C7B57662BB0F1F274BB4EA6375&ID=DevEx,5044.1",85,medium,Query: best AI tools make money 2026 | Learn to automate reports and dashboards for smarter decision-making. Transform ,2026-07-05 00:49:14,0,stable
Top Selling Collectibles for sale | eBay,trending-products,eBay,,https://www.ebay.com/sch/i.html?_nkw=top+selling+collectibles&_sop=12,83,medium,"Cross-source: eBay, eBay | Cross-source: eBay, eBay | eBay trending deal",2026-07-05 00:49:14,0,stable
Amazon Movers & Shakers,trending-products,Amazon,,https://www.amazon.com/gp/movers-and-shakers/boost/,80,high,"Cross-source: Amazon, Amazon BSR | Cross-source: Amazon, Amazon | Cross-source: Amazon, Amazon | Cross-source: Amazon, Amazon | Cross-source: Amazon, Amazon | Cross-source: Amazon, Amazon | Amazon.comMovers&Shakers: The biggest gainers in Unique Finds sales rank over the past 24 hours Amaz",2026-07-05 00:49:14,0,stable
High demand items: What to sell on eBay in 2026,trending-products,eBay,,https://export.ebay.com/en/resources/seasonal-guide-for-ebay-sellers/high-demand-items/,77,medium,eBay trending deal,2026-07-05 00:49:14,0,stable
Most Valuable Trading Card Game Cards 2026: Top 50,tcg,Web Search,,https://pregradecards.com/blog/most-valuable-tcg-cards-2026,75,medium,Query: trending TCG cards most valuable 2026 | Themostvaluablecommercially available tradingcardgamecardis the Alpha Black Lotu,2026-07-05 00:49:14,0,stable
Best TCGs to Collect in 2026: Rankings - Hall of Cards,tcg,Web Search,,https://hallofcards.app/blog-posts/best-tcgs-to-collect-2026-complete-ranking-new-collectors,75,medium,"Query: trending TCG cards most valuable 2026 | Ranking the best tradingcardgames to collect in2026from Pokemon to Lorcana, with",2026-07-05 00:49:14,0,stable
Mtg Card Prices — Complete Price Guide (2026) | Guardian TCG,tcg,Web Search,,https://guardiantcg.app/games/mtg/most-valuable,75,medium,Query: trending TCG cards most valuable 2026 | Complete Mtg price guide with real-time pricing for everycard. Track market tren,2026-07-05 00:49:14,0,stable
10 Most Valuable TCG Cards of 2026 - Card Gamer,tcg,Web Search,,https://cardgamer.com/best-lists/most-valuable-tcg-cards/,75,medium,"Query: trending TCG cards most valuable 2026 | Want to know what the current,mostexpensivecardsare for allTCGs? Let's take a lo",2026-07-05 00:49:14,0,stable
TCG Market Report May 2026: Price Moves & Trends | Home Town Cards ...,tcg,Web Search,,https://www.hometown.cards/news/tcg-market-may-2026-whats-moving,75,medium,"Query: trending TCG cards most valuable 2026 | May2026tradingcardmarket analysis. Pokemon up 116% YoY, Magic Pro Tour price spi",2026-07-05 00:49:14,0,stable
"Electronics, Cars, Fashion, Collectibles & More | eBay",trending-products,eBay,,https://www.ebay.com/,75,medium,"Cross-source: eBay, eBay | eBay trending deal",2026-07-05 00:49:14,0,stable
Collected report | eBay.com,trending-products,eBay,,https://pages.ebay.com/collected/,72,medium,eBay trending deal,2026-07-05 00:49:14,0,stable
Best Collectible Figures & Bobbleheads | eBay,trending-products,eBay,,https://www.ebay.com/t/Collectible-Figures-Bobbleheads/149372/bn_3017826,72,medium,eBay trending deal,2026-07-05 00:49:14,0,stable
starting my first print on demand on etsy.. advice?! (printify x etsy ...,print-on-demand,Reddit,,https://www.reddit.com/r/Printify/comments/17sq862/starting_my_first_print_on_demand_on_etsy_advice/,70,varies,"Yeah, I know. I've watched a few YouTube videos aboutPrintOnDemand(POD) andEtsyby people who've done",2026-07-05 00:49:14,0,stable
Top 50 Trending Dropshipping Products to Sell in 2026 with Profit ...,trending-products,Amazon,,https://www.dropified.com/blog/top-50-trending-dropshipping-products-to-sell-in-2026-with-profit-margins/,70,high,"Cross-source: Amazon, Amazon | The most profitabletrendingdropshippingproductsin2026focus on at-home wellness experiences, consumab",2026-07-05 00:49:14,0,stable
Amazon.com Movers & Shakers: The biggest gainers in Electronics sales ...,trending-products,Amazon BSR,,https://www.amazon.com/gp/movers-and-shakers/electronics,70,high,BSR mover | AmazonMovers&ShakersOur biggest gainers in salesrankover the past 24 hours. Upda,2026-07-05 00:49:14,0,stable
Top Trending Products to Sell on Amazon: Your 2026 Strategy Guide,trending-products,Amazon,,https://www.doba.com/blog/find-products-and-suppliers/trending-picks/top-trending-products-to-sell-on-amazon-your-2026-strategy-guide-39295,67,high,Dropshippingeliminates the large upfront inventory costs associated with traditional retail. Q4: Wha,2026-07-05 00:49:14,0,stable
Postgres data stored in Parquet on S3: LTAP architecture explained,ai-content,Hacker News,,https://www.databricks.com/blog/lakebase-ltap-rethinking-database-storage,66,medium,HN story with 126 points,2026-07-05 00:49:14,0,stable
MSI Center – How to gain SYSTEM privileges in seconds,ai-content,Hacker News,,https://mrbruh.com/msicenter/,66,medium,HN story with 131 points,2026-07-05 00:49:14,0,stable
Best Selling Products on Amazon in 2026: Full Guide,trending-products,Amazon BSR,,https://amzprep.com/best-selling-products-amazon/,65,high,"BSR mover | New to selling onAmazon? See the top selling products by category in2026, with m",2026-07-05 00:49:14,0,stable
Latest Amazon Product Sales Rank Tables - Seller Amp,trending-products,Amazon BSR,,https://sas.selleramp.com/sas/bsr-tables?domain_id=1,65,high,"BSR mover | For example, arankof 1 means that is thebest-selling product in that category. S",2026-07-05 00:49:14,0,stable
Dropshipping Online Course - Udemy™ Official Site,courses,Amazon,,"https://duckduckgo.com/y.js?ad_domain=udemy.com&ad_provider=bingv7aa&ad_type=txad&click_metadata=yeRuUYnpCpvL7Lc8RbQ7aUvk6KXzF3PjNLKaKu4YokNCpKC02_F2pPQjBHnF5ji4S-eHJ1O7JoT2RpGLvEGZF7_jQBy2AzLLa7hS5y5G4iGW4lZG03JV6ZLhZkyEAXeVlWkrHlex26vUlIuEKbUS9JhombXzq2YCdF5OLGGVuK4.QHkHygQo9Voxd6tRAL9U6A&rut=78fc9ae7648264e6a4f993e95e1f082a9a71ee81041377bff81ce8221eec15ee&u3=https://www.bing.com/aclick?ld=e87fr2z8RYGeS1irpDYcs_fzVUCUz9DZeQlDyEXpqVcERT9msdxvHzjH7pyfFZhGgdSsOaBVNmnHRIw3GEzxhpOGnWGtdexHw0MAbi75s92JQtCdNsDxDKz1L-0PWsKxnoc5tYLVsa4OAPxOS-Jx3yKQ8HP2-a_QDd8bicNxHVCV-CKhn3H2FP5esIx9GwkJcwVw96DhjSEUrkZkXmbFrwnYGjggw&u=aHR0cHMlM2ElMmYlMmZ3d3cudWRlbXkuY29tJTJmY291cnNlJTJmZHJvcHNoaXAteW91ci13YXktdG8tMjAwMC1wZXItd2Vlay10aGUtY29tcGxldGUtYmx1ZXByaW50JTJmJTNmdXRtX2NhbXBhaWduJTNkQkctU2VhcmNoX0tleXdvcmRfQmV0YV9Qcm9mX2xhLkVOX2NjLlJPVy1FbmdsaXNoJTI2dXRtX3NvdXJjZSUzZGJpbmclMjZ1dG1fbWVkaXVtJTNkcGFpZC1zZWFyY2glMjZwb3J0Zm9saW8lM2RCaW5nLVJPVy1FbmdsaXNoJTI2dXRtX2F1ZGllbmNlJTNkbXglMjZ1dG1fdGFjdGljJTNkbmIlMjZ1dG1fdGVybSUzZF8uX2FnXzEzMTI4MTkyNzI4NjU5NjhfLl9hZF9fLl9rd19ob3clMjUyMHRvJTI1MjBtYWtlJTI1MjBtb25leSUyNTIwZHJvcHNoaXBwaW5nJTI2dXRtX2NvbnRlbnQlM2RzJTI2ZnVubmVsJTNkJTI2dGVzdCUzZCUyNnV0bV9jYW1wYWlnbl9pZCUzZDYzODU5NjIzMiUyNm1zY2xraWQlM2RmMTE3ZDM2Y2U4MTcxYzczNjU0ZGI5MjVhZjU4MjEzYQ&rlid=f117d36ce8171c73654db925af58213a&vqd=4-328229515793759804451128795651860448701&iurl={1}IG=15C779658A5F432AAB3478B2123A1CF4&CID=2D3D1F21CE826E1A147808ADCF706F8D&ID=DevEx,5039.1",62,high,Choose the right type ofproductsto sell with the dropship model. Create your own successful drop shi,2026-07-05 00:49:14,0,stable
Best Dropshipping Products 2026: 25 Winners Backed by Real Data ...,trending-products,Amazon,,https://dropship-spy.com/blog/best-dropshipping-products-2026,62,high,"25 bestdropshippingproductsfor2026with real margin data, TikTok view counts,Amazonranks & Google Tre",2026-07-05 00:49:14,0,stable
Top 10 Trending Dropshipping Products for 2026 (Data-Driven Picks You ...,trending-products,Amazon,,https://www.shiptothemoon.com/10-trending-products-for-dropshipping-in-2026-with-google-trends-insights/,62,high,"Discover top10 high-potentialtrendingproductsfordropshippingin2026with Google Trends insights, niche",2026-07-05 00:49:14,0,stable
"Electronics Shaker on ebay - Seriously, We Have Electronics Shaker",trending-products,Amazon BSR,,"https://duckduckgo.com/y.js?ad_domain=ebay.com&ad_provider=bingv7aa&ad_type=txad&click_metadata=NWp2N-SXmOhrkPtdwBiA_Pm17HQ_iGCerNIa29B7rAcwBUI2rHWeg45hFvSFDP80_pHPSzJGOQV2UkHRPC82hgc42_Nd4tyHJdH278QdItD5tf9j_5ZtcZlHb2A4RIb2oZWkpesUG2e35E4xjVRLuSVMktdYEMauL63urZXlN_w.-ELLlAh-F6cnQDqOKrik9Q&rut=43b951630c2f2576454340f0ad17b317f530deb3acb1f65ab383e492cb27420c&u3=https://www.bing.com/aclick?ld=e8cpp12lPxD22pY4m6E-Pc9jVUCUwZi1RjR17AmiM5C_bzM2msctSf7L0KcoefDNQOKeBb8PJbRZ2EaePI1C6dU2aNUl7xb8gayhzb-XAr3vUN5Tob-URyHByp8_qlmEx8b0Szf_vjoegqdzDFBl__R5HTTvbNuWo7MUKTcUPbGLPFF-jVAA0pYRvry0PCHR3zEc7MX7xqzS3zIZ7ie4Er7hytU3U&u=aHR0cHMlM2ElMmYlMmZ3d3cuZWJheS5jb20lMmZzY2glMmZpLmh0bWwlM2Zfbmt3JTNkZWxlY3Ryb25pY3MlMjUyMHNoYWtlciUyNm5vcm92ZXIlM2QxJTI2bWtldnQlM2QxJTI2bWtyaWQlM2Q3MTEtMzQwMDItMTMwNzgtMCUyNm1rY2lkJTNkMiUyNm1rc2NpZCUzZDEwMiUyNmtleXdvcmQlM2RlbGVjdHJvbmljcyUyNTIwc2hha2VyJTI2Y3JscCUzZF81MDg3JTI2TVRfSUQlM2QlMjZnZW9faWQlM2QlMjZybHNhdGFyZ2V0JTNka3dkLTc3NTE1NzUxODQ1MDA5JTNhbG9jLTE2NCUyNmFkcG9zJTNkJTI2ZGV2aWNlJTNkYyUyNm1rdHlwZSUzZCUyNmxvYyUzZDI0NTM4NSUyNnBvaSUzZCUyNmFiY0lkJTNkJTI2Y21wZ24lM2QzOTU0NDk0MjAlMjZzaXRlbG5rJTNkJTI2YWRncm91cGlkJTNkMTI0MDI0OTMyMzA4MTM1OCUyNm5ldHdvcmslM2RzJTI2bWF0Y2h0eXBlJTNkcCUyNm1zY2xraWQlM2Q4YmMxNzg0YTFhNWYxZjFkMjRlMTEyMDM1ZGQ4YmZhZQ&rlid=8bc1784a1a5f1f1d24e112035dd8bfae&vqd=4-161282962033260847676634687165760196344&iurl={1}IG=CE49613B7E9F471D85207713803039A7&CID=0F545AC77FB96B8125D04D4B7E4B6A6C&ID=DevEx,5039.1",60,high,BSR mover | Free Shipping Available. BuyElectronicsShakeron ebay. Money Back Guarantee!,2026-07-05 00:49:14,0,stable
mekos2772/ios-location-spoofer: Standalone iOS app to spoof GPS location without jailbreak. Includes Shadowrocke,ai-content,GitHub Trending,,https://github.com/mekos2772/ios-location-spoofer,100,low,New repo with 1289 stars today,2026-07-05 10:04:20,0,stable
jamesob/local-llm: Everything I know about running LLMs locally,trending-products,GitHub Trending,,https://github.com/jamesob/local-llm,100,low,New repo with 767 stars today,2026-07-05 10:04:20,0,stable
"HUANGCHIHHUNGLeo/claude-real-video: Let Claude (or any LLM) actually watch a video — scene-aware, deduplicated frame",trending-products,GitHub Trending,,https://github.com/HUANGCHIHHUNGLeo/claude-real-video,100,low,New repo with 755 stars today,2026-07-05 10:04:20,0,stable
"jmerelnyc/Talos: GPU worker client for the Talos network. Pairs with your Talos account, serves o",ai-content,GitHub Trending,,https://github.com/jmerelnyc/Talos,100,low,New repo with 592 stars today,2026-07-05 10:04:20,0,stable
uzairansaruzi/hermex: Native iPhone app for your Hermes agent,ai-content,GitHub Trending,,https://github.com/uzairansaruzi/hermex,100,low,New repo with 555 stars today,2026-07-05 10:04:20,0,stable
"TianhangZhuzth/Fundamental-Ava: Build digital human beings — autonomous, collaborative, and socially intelligent",ai-content,GitHub Trending,,https://github.com/TianhangZhuzth/Fundamental-Ava,100,low,New repo with 523 stars today,2026-07-05 10:04:20,0,stable
"Kulaxyz/token-diet: Always-on token-efficiency skill for coding agents (Claude Code, Codex, Cursor, ",trending-products,GitHub Trending,,https://github.com/Kulaxyz/token-diet,100,low,New repo with 464 stars today,2026-07-05 10:04:20,0,stable
lingbol088-spec/reverse-flow-skill: 面向 AI Agent / Codex 的本地 CTF 逆向工程流程技能。加载后通过“真心为你”进入逆向模式，默认在本地沙盒、CTF、crackme、warga,ai-content,GitHub Trending,,https://github.com/lingbol088-spec/reverse-flow-skill,100,low,New repo with 351 stars today,2026-07-05 10:04:20,0,stable
"Evolink-AI/Awesome-Blender-Seedance-Workflow-Usecases: Curated Blender + Seedance workflows for AI filmmaking: previs, camera control, ",ai-content,GitHub Trending,,https://github.com/Evolink-AI/Awesome-Blender-Seedance-Workflow-Usecases,100,low,New repo with 299 stars today,2026-07-05 10:04:20,0,stable
CalmNoteDepot/MECCHA-CHAMELEON-VISION: 🎨 Meccha Chameleon Vision — Desktop Tool 2026,trending-products,GitHub Trending,,https://github.com/CalmNoteDepot/MECCHA-CHAMELEON-VISION,100,low,New repo with 251 stars today,2026-07-05 10:04:20,0,stable
xt4d/GameBlocks: Concise and self-explanatory building blocks that help coding agents prototype b,trending-products,GitHub Trending,,https://github.com/xt4d/GameBlocks,100,low,New repo with 229 stars today,2026-07-05 10:04:20,0,stable
elder-plinius/T3MP3ST: autonomous red teaming platform; multi-agent offensive-security meta-harness,ai-content,GitHub Trending,,https://github.com/elder-plinius/T3MP3ST,100,low,New repo with 226 stars today,2026-07-05 10:04:20,0,stable
SuperJJ007/CSSwitch: 帮你的 Claude Science 一键接入你自己的 API：DeepSeek / 通义千问 / 智谱 GLM / Kimi / MiniMax / 小米 M,ai-content,GitHub Trending,,https://github.com/SuperJJ007/CSSwitch,100,low,New repo with 223 stars today,2026-07-05 10:04:20,0,stable
11 Best AI Tools to Make Money Online in 2026 | Easy Side Hustles,ai-content,Web Search,,https://www.allaboutai.com/best-ai-tools/productivity/money-making/,100,medium,"Cross-source: Web Search, TikTok | Cross-source: Web Search, TikTok | Cross-source: Web Search, Web Search | Cross-source: Web Search, Web Search | Query: best AI tools make money 2026 | In this guide, you'll find thebestAItoolstomakemoneyto start earning $300 to $10",2026-07-05 10:04:20,10,rising
Top Selling Digital Downloads - Etsy,digital-products,Etsy,,https://www.etsy.com/market/top_selling_digital_downloads,95,medium,"Cross-source: Etsy, Etsy | Cross-source: Etsy, Etsy | Cross-source: Etsy, Etsy | Cross-source: Etsy, Etsy | Cross-source: Etsy, Etsy | Cross-source: Etsy, Etsy | Etsy trending listing",2026-07-05 10:04:20,0,stable
15 Best AI Tools for Making Money in 2026 (Ranked by Income Potential),ai-content,Web Search,,https://richtactic.com/blog/best-ai-tools-making-money,90,medium,"Query: best AI tools make money 2026 | ThebestAItoolsfor makingmoneyranked by category: writing, image, video, coding, ",2026-07-05 10:04:20,0,stable
How to Make Money with AI in 2026: 15 Real Methods That Pay,ai-content,Web Search,,https://sidequesthustle.com/guides/best-ai-side-hustles-2026,90,medium,Query: best AI tools make money 2026 | 15 proven ways tomakemoneywithAItoolsin2026. From ChatGPT freelancing toAI-power,2026-07-05 10:04:20,0,stable
Trending Sublimation Designs - Etsy,print-on-demand,Etsy,,https://www.etsy.com/market/trending_sublimation_designs,90,medium,"Cross-source: Etsy, Etsy | Cross-source: Etsy, Etsy | Cross-source: Etsy, Etsy | Cross-source: Etsy, Etsy | Cross-source: Etsy, Etsy | Cross-source: Etsy, Etsy | Etsy trending listing",2026-07-05 10:04:20,0,stable
Trending Now: Top Best Sellers & Viral Products 2026 | TikTok Shop,trending-products,TikTok,,https://shop.tiktok.com/us/events/ranking-list,82,medium,"Cross-source: TikTok, TikTok | Shopthe internet's favorite items! ExploreTikTokShop'sofficial ranking of today'sbest-sellingand mos",2026-07-05 10:04:20,0,stable
Free TikTok Shop Course - How To Sell On TikTok Shop,courses,TikTok,,"https://duckduckgo.com/y.js?ad_domain=udemy.com&ad_provider=bingv7aa&ad_type=txad&click_metadata=QCVBXZNSGH0OnkUXfd0xilF_IpE2Rdiy5ICtyhp5BP13PHCtcjR01aCEc30ocHRTcCaSlQV4yb6FJzlILYfR0bgYAYfXASu_d6jqp6Jn9bvXgu6J3E8pTFqu4yVQtZySy3vbumM1rtymds5UKUqXBDyH2Z-Nd_lszd0D00EEwBs.1iEhKRuSbpkTWtWdjeUGWA&rut=d9c07e2f67f403a36857be298c2eb0ced7ae9e484e47d731b9a39349b5386ccf&u3=https://www.bing.com/aclick?ld=e8bRdagdJueO6qsCTC4sFEWDVUCUzf-fPJgHFSEsaLVVA1bByK2IJnrCEp_0dSB7OekoJZ5ZdSFMXDdk3G9zljficlWF-1AyYUZ8X9DpyOC90YbZltN1F82pQh4ZdrfrhFetGjMGxkp_-o5PGqMO4OhyB10SJOpA9YGq6HD_XXVJuYqpnL8ATVOBlxeLiPMo9piYjKmzJiLSEDbYiimkOvJvTH2o0&u=aHR0cHMlM2ElMmYlMmZ3d3cudWRlbXkuY29tJTJmY291cnNlJTJmbG9wd2VydC10aWt0b2stc2hvcC1tYXN0ZXJjbGFzcy1mb3ItYmVnaW5uZXJzJTJmJTNmdXRtX2NhbXBhaWduJTNkQkctU2VhcmNoX0RTQV9CZXRhX1Byb2ZfbGEuRU5fY2MuUk9XLUVuZ2xpc2glMjZ1dG1fc291cmNlJTNkYmluZyUyNnV0bV9tZWRpdW0lM2RwYWlkLXNlYXJjaCUyNnBvcnRmb2xpbyUzZEJpbmctUk9XLUVuZ2xpc2glMjZ1dG1fYXVkaWVuY2UlM2RteCUyNnV0bV90YWN0aWMlM2RuYiUyNnV0bV90ZXJtJTNkXy5fYWdfMTMyNzExMjkyMzE0MjMxN18uX2FkX18uX2t3X01hcmtldGluZyUyNTIwZW4lMjZ1dG1fY29udGVudCUzZHMlMjZmdW5uZWwlM2QlMjZ0ZXN0JTNkJTI2dXRtX2NhbXBhaWduX2lkJTNkNjM4NTk2MjI5JTI2bXNjbGtpZCUzZDNhODZjNjczMDAyNjFlYjE5NDZjYWMzYWM5MGZlYWFl&rlid=3a86c67300261eb1946cac3ac90feaae&vqd=4-115022847909761733588074970147819365215&iurl={1}IG=D1440F4DC1E34BA6964D1742D5CB71A4&CID=203DE223BC71686D1F9AF5AEBDF86914&ID=DevEx,5039.1",79,medium,"Find the right instructor for you. Choose from many topics, skill levels, and languages. Join millio",2026-07-05 10:04:20,0,stable
The 2026 TikTok Shop Goldmine: 20 Best-Selling Products & The Data ...,trending-products,TikTok,,https://www.kalodata.com/blog/tiktok/the-2026-tiktok-shop-goldmine-20-best-selling-products-the-data-behind-the-viral-trends/,79,medium,Stop guessing what'sselling. We analyzed 10M+ verified data points to find the topsellingTikTokShopp,2026-07-05 10:04:20,0,stable
15+ Top-Selling TikTok Products: Viral & Trending Items in 2026,trending-products,TikTok,,https://litcommerce.com/blog/viral-tiktok-products-to-sell/,79,medium,"TikTokis a content-driven platform, not a traditional marketplace.Productsthat are visual, problem-s",2026-07-05 10:04:20,0,stable
Side Hustle Passive Income - 30 Best Side Hustle Ideas,courses,TikTok,,"https://duckduckgo.com/y.js?ad_domain=udemy.com&ad_provider=bingv7aa&ad_type=txad&click_metadata=wtf5E8-wMS5mZL7WvqUwNE8w2jIdGwlATH_7vKdu84Y0UEIwJFsbXywCs8HzvrfMGbm4DS4IncjRLhWazjPZnGbhQFE-iBNKrvU0ubZSTRL1KQtvSO5isxm0QG0mW-0ey57slLqsOr5A9Qplf0OlgXUtkVHBhAgfd1w1PKZ-Y70.X18MpipQqyZ4NbeevnLhTg&rut=0fc3e39aa8bb2cef68707ec72002c2f1af9a703fcc406cc4185b067104c3c12e&u3=https://www.bing.com/aclick?ld=e8oEr0a_qmm3giGcy0rEO7fjVUCUybZ8ju2xG65FTeYNqXtpLP8eaZ7JUZOuXrUuBAUvRo0tti9zPB3n9mDCEZrGmlzCN5h2Kt-OyUusUoYgCBFpvbv9QDlHW1u8xBtw1S_ZqHqB3IJ2t49k1M7QN-uE6Oj5Hp4PUv3YQjPKTk8EMFyZ8PS-WL76kITgujuhn5tKJqxeVAjg7srTArl2RSdKpox0c&u=aHR0cHMlM2ElMmYlMmZ3d3cudWRlbXkuY29tJTJmY291cnNlJTJmMTAwLWJlc3Qtc2lkZS1odXN0bGUtYnVzaW5lc3Nlcy1iZWNvbWUteW91ci1vd24tYm9zcyUyZiUzZnV0bV9jYW1wYWlnbiUzZEJHLVNlYXJjaF9EU0FfQmV0YV9Qcm9mX2xhLkVOX2NjLlJPVy1FbmdsaXNoJTI2dXRtX3NvdXJjZSUzZGJpbmclMjZ1dG1fbWVkaXVtJTNkcGFpZC1zZWFyY2glMjZwb3J0Zm9saW8lM2RCaW5nLVJPVy1FbmdsaXNoJTI2dXRtX2F1ZGllbmNlJTNkbXglMjZ1dG1fdGFjdGljJTNkbmIlMjZ1dG1fdGVybSUzZF8uX2FnXzEzMjM4MTQzODg0NTk4NTBfLl9hZF9fLl9rd19CdXNpbmVzcyUyNTIwZW4lMjZ1dG1fY29udGVudCUzZHMlMjZmdW5uZWwlM2QlMjZ0ZXN0JTNkJTI2dXRtX2NhbXBhaWduX2lkJTNkNjM4NTk2MjI5JTI2bXNjbGtpZCUzZDNiNDU5YmZkZDk2NTE0Yjc4NjRlZjFiNDEwNGUyYTc5&rlid=3b459bfdd96514b7864ef1b4104e2a79&vqd=4-23346224401780168369039882545713952169&iurl={1}IG=212EAD836C114AD2A91EF2C38567263B&CID=1A5A91C9E6F0606326BE8644E76C61AA&ID=DevEx,5039.1",79,medium,Shop thousands of high-quality on-demand online courses. 30-day satisfaction guarantee. Learn online,2026-07-05 10:04:20,0,stable
Earn Money Online - Earn up to $8 per survey,freelance-services,TikTok,,"https://duckduckgo.com/y.js?ad_domain=surveoo.com&ad_provider=bingv7aa&ad_type=txad&click_metadata=j9ktmgQnEWeJUe-X6lMolSyxC_rkMZmNcjO16P3iRlpOc0AzkjZTUtuB_ip45XMKFyyEAo5g6DFUi3FJR1iWrGsAoyWzm8KiExMa025eVgBKcOrEcX6qBkAbP0DvSZW26lvs1ifqsZ0XUh30Hg5ZTzaXNFRY4Ik2l_HkPQ2pXR8.23BDQEFf5q8vdBMyqDTV7w&rut=98964f031a2b3d411f5699562cca2f2c3263d951333a1dcf212586b0e5f23e0d&u3=https://www.bing.com/aclick?ld=e8anUIMvZYht7194NUEI32PDVUCUydNC4LHMYPQZTJ8hrFgOPLAbW5dlPidsuO7Tug32dX6oqiAbCnPWy6sLKrZ2DJ2abhZvT2Nrlrb2L2lyiNMTjoyLkYuHFLNwT3mnwIWrdJchmVS-SrGYhDxyED6ai9R0HugbxviRQz8m6P4dH4aWNV1ZbGkgV6y_WrZ6mt_CYzmHJBpIn1pgeXcs_dhWLRLkc&u=aHR0cHMlM2ElMmYlMmZ3d3cuc3VydmVvby5jb20lMmZlbiUyZmxhbmRpbmclMmYxJTNmb2ZmZXJfaWQlM2Rzdm8lMjZsYW5kaW5nJTNkYSUyNmFmZl9pZCUzZDI5NzMlMjZhZmZfc3ViJTNkU0VBUkNIJTI2Y291bnRyeSUzZFNHJTI2bGFuZyUzZGVuJTI2bXNjbGtpZCUzZGU2ODkzNWFlZDg5NzEyODc2NmM5NWZlNzExYmMwODVj&rlid=e68935aed897128766c95fe711bc085c&vqd=4-180394317035009301619310354809082643596&iurl={1}IG=212EAD836C114AD2A91EF2C38567263B&CID=1A5A91C9E6F0606326BE8644E76C61AA&ID=DevEx,5043.1",79,medium,"Participate in surveys and earn up to $8 per survey, up to $290 per month! Complete surveys and rece",2026-07-05 10:04:20,0,stable
Most Valuable Trading Card Game Cards 2026: Top 50,tcg,Web Search,,https://pregradecards.com/blog/most-valuable-tcg-cards-2026,75,medium,Query: trending TCG cards most valuable 2026 | Themostvaluablecommercially available tradingcardgamecardis the Alpha Black Lotu,2026-07-05 10:04:20,0,stable
Best TCGs to Collect in 2026: Rankings - Hall of Cards,tcg,Web Search,,https://hallofcards.app/blog-posts/best-tcgs-to-collect-2026-complete-ranking-new-collectors,75,medium,"Query: trending TCG cards most valuable 2026 | Ranking the best tradingcardgames to collect in2026from Pokemon to Lorcana, with",2026-07-05 10:04:20,0,stable
Mtg Card Prices — Complete Price Guide (2026) | Guardian TCG,tcg,Web Search,,https://guardiantcg.app/games/mtg/most-valuable,75,medium,Query: trending TCG cards most valuable 2026 | Complete Mtg price guide with real-time pricing for everycard. Track market tren,2026-07-05 10:04:20,0,stable
"Best Trading Cards to Invest in for 2026: Pokémon, Sports, and More",tcg,Web Search,,https://athlonsports.com/collectibles/best-trading-cards-invest-2026-pokemon-sports,75,medium,"Query: trending TCG cards most valuable 2026 | Scarcity-driven picks in Pokémon, sports, Magic, and One Piece define the strong",2026-07-05 10:04:20,0,stable
TCG Market Report May 2026: Price Moves & Trends | Home Town Cards ...,tcg,Web Search,,https://www.hometown.cards/news/tcg-market-may-2026-whats-moving,75,medium,"Query: trending TCG cards most valuable 2026 | May2026tradingcardmarket analysis. Pokemon up 116% YoY, Magic Pro Tour price spi",2026-07-05 10:04:20,0,stable
25 Trending TikTok & Viral Products for Dropshipping (2026),trending-products,TikTok,,https://productlair.com/collections/trending-tiktok,74,medium,Which viralTikTokShopproductsworkbestfor dropshipping? The strongest viralTikTokShopproductsare comp,2026-07-05 10:04:20,0,stable
"TikTok Side Hustle 2026: Creator Fund, TikTok Shop & | EarnifyHub",trending-products,TikTok,,https://earnifyhub.com/blog/side-hustles/tiktok-side-hustle-income-2026,74,medium,"TikTokSideHustlein2026: What Pays and What Doesn't (Creator Fund, Shop & Live Gifts)TikTok'smonetiza",2026-07-05 10:04:20,0,stable
4 Viral TikTok Side Gigs That Could Make You Rich in 2026,trending-products,TikTok,,https://www.gobankingrates.com/money/side-gigs/viral-tiktok-side-gigs-make-you-rich-2026/,74,medium,Discover 4 viralTikToksidegigs that could boost your income in2026. See how thesetrendinghustlesmigh,2026-07-05 10:04:20,0,stable
"Scientists reverse brain aging, with a nasal spray",ai-content,Hacker News,,https://stories.tamu.edu/news/2026/04/14/scientists-reverse-brain-aging-with-a-nasal-spray/,68,medium,HN story with 171 points,2026-07-05 10:04:20,0,stable
mekos2772/ios-location-spoofer: Standalone iOS app to spoof GPS location without jailbreak. Includes Shadowrocke,ai-content,GitHub Trending,,https://github.com/mekos2772/ios-location-spoofer,100,low,New repo with 1320 stars today,2026-07-06 00:53:53,0,stable
elder-plinius/T3MP3ST: autonomous red teaming platform; multi-agent offensive-security meta-harness,ai-content,GitHub Trending,,https://github.com/elder-plinius/T3MP3ST,100,low,New repo with 1293 stars today,2026-07-06 00:53:53,0,stable
"HUANGCHIHHUNGLeo/claude-real-video: Let Claude (or any LLM) actually watch a video — scene-aware, deduplicated frame",trending-products,GitHub Trending,,https://github.com/HUANGCHIHHUNGLeo/claude-real-video,100,low,New repo with 910 stars today,2026-07-06 00:53:53,0,stable
jamesob/local-llm: Everything I know about running LLMs locally,trending-products,GitHub Trending,,https://github.com/jamesob/local-llm,100,low,New repo with 876 stars today,2026-07-06 00:53:53,0,stable
"jmerelnyc/Talos: GPU worker client for the Talos network. Pairs with your Talos account, serves o",ai-content,GitHub Trending,,https://github.com/jmerelnyc/Talos,100,low,New repo with 660 stars today,2026-07-06 00:53:53,0,stable
uzairansaruzi/hermex: Native iPhone app for your Hermes agent,ai-content,GitHub Trending,,https://github.com/uzairansaruzi/hermex,100,low,New repo with 603 stars today,2026-07-06 00:53:53,0,stable
"Kulaxyz/token-diet: Always-on token-efficiency skill for coding agents (Claude Code, Codex, Cursor, ",trending-products,GitHub Trending,,https://github.com/Kulaxyz/token-diet,100,low,New repo with 575 stars today,2026-07-06 00:53:53,0,stable
"TianhangZhuzth/Fundamental-Ava: Build digital human beings — autonomous, collaborative, and socially intelligent",ai-content,GitHub Trending,,https://github.com/TianhangZhuzth/Fundamental-Ava,100,low,New repo with 524 stars today,2026-07-06 00:53:53,0,stable
lingbol088-spec/reverse-flow-skill: 面向 AI Agent / Codex 的本地 CTF 逆向工程流程技能。加载后通过“真心为你”进入逆向模式，默认在本地沙盒、CTF、crackme、warga,ai-content,GitHub Trending,,https://github.com/lingbol088-spec/reverse-flow-skill,100,low,New repo with 388 stars today,2026-07-06 00:53:53,0,stable
"HKUDS/OpenOPC: OpenOPC: Build Your Personal AI-Native Company — Self-Built, Self-Run, Self-Grow",ai-content,GitHub Trending,,https://github.com/HKUDS/OpenOPC,100,low,New repo with 327 stars today,2026-07-06 00:53:53,0,stable
xt4d/GameBlocks: Concise and self-explanatory building blocks that help coding agents prototype b,trending-products,GitHub Trending,,https://github.com/xt4d/GameBlocks,100,low,New repo with 280 stars today,2026-07-06 00:53:53,0,stable
Archive228/loopkit: 33 battle-tested skills + minimal .claude harness for any coding agent (Claude C,trending-products,GitHub Trending,,https://github.com/Archive228/loopkit,100,low,New repo with 261 stars today,2026-07-06 00:53:53,0,stable
CalmNoteDepot/MECCHA-CHAMELEON-VISION: 🎨 Meccha Chameleon Vision — Desktop Tool 2026,trending-products,GitHub Trending,,https://github.com/CalmNoteDepot/MECCHA-CHAMELEON-VISION,100,low,New repo with 251 stars today,2026-07-06 00:53:53,0,stable
SuperJJ007/CSSwitch: 帮你的 Claude Science 一键接入你自己的 API：DeepSeek / 通义千问 / 智谱 GLM / Kimi / MiniMax / 小米 M,ai-content,GitHub Trending,,https://github.com/SuperJJ007/CSSwitch,100,low,New repo with 251 stars today,2026-07-06 00:53:53,0,stable
11 Best AI Tools to Make Money Online in 2026 | Easy Side Hustles,ai-content,Web Search,,https://www.allaboutai.com/best-ai-tools/productivity/money-making/,93,medium,"Cross-source: Web Search, Web Search | Query: best AI tools make money 2026 | In this guide, you'll find thebestAItoolstomakemoneyto start earning $300 to $10",2026-07-06 00:53:53,-7,falling
15 Best AI Tools for Making Money in 2026 (Ranked by Income Potential),ai-content,Web Search,,https://richtactic.com/blog/best-ai-tools-making-money,90,medium,"Query: best AI tools make money 2026 | ThebestAItoolsfor makingmoneyranked by category: writing, image, video, coding, ",2026-07-06 00:53:53,0,stable
2026-Mastering Generative AI-From LLMs to Applications,ai-content,Web Search,,"https://duckduckgo.com/y.js?ad_domain=udemy.com&ad_provider=bingv7aa&ad_type=txad&click_metadata=qoJS_5gX_8EC6zE5riuGmD1Gj2WEUbwOmKUIe8b9be_x1Nev3Cqn4Ygb3sj5NUxAb5NvL5CPkBxnM6GxqB5DZXQTl5lU3TG74MAcaJUeynDj9mhuqYpkjBrXYA-92ldk1LJMQ0jKtz0PbUdoNwnHOgKQCB3iHv-YnnWBqj4-X30.p3QutK6tj5-iJvSAKbJUUA&rut=c2d2701f5b75934af446895127842ed01c8a64328f069c03e8d47367a5ef3187&u3=https://www.bing.com/aclick?ld=e83vZvo9SFEg33lsr0QSnxijVUCUxAzoUVrYnOZ5qzLfGM5JPZtE05yQz68pSUjwJ5AO5y08jIZD0b9wTuPGju8UEsD9zdjug7lpfOr6M8pdx185IWwKsjHDmurXEWf8NTllCyL_nMO-DvtPAai0akeSAmNqmaUab2ygbursY65EQGOUnb-BhWS805LU9fWb4Gt44vCUrnLj4MtKI2nYCcY-OtpWM&u=aHR0cHMlM2ElMmYlMmZ3d3cudWRlbXkuY29tJTJmY291cnNlJTJmZ2VuZXJhdGl2ZS1haS1sbG0tYW5kLWJleW9uZCUyZiUzZnV0bV9jYW1wYWlnbiUzZEJHLVNlYXJjaF9EU0FfQWxwaGFfUHJvZl9sYS5FTl9jYy5ST1ctRW5nbGlzaCUyNnV0bV9zb3VyY2UlM2RiaW5nJTI2dXRtX21lZGl1bSUzZHBhaWQtc2VhcmNoJTI2cG9ydGZvbGlvJTNkQmluZy1ST1ctRW5nbGlzaCUyNnV0bV9hdWRpZW5jZSUzZG14JTI2dXRtX3RhY3RpYyUzZG5iJTI2dXRtX3Rlcm0lM2RfLl9hZ18xMzE3MjE3MzE4NjQ5NjA0Xy5fYWRfXy5fa3dfRGF0YSUyNTIwU2NpZW5jZSUyNnV0bV9jb250ZW50JTNkcyUyNmZ1bm5lbCUzZCUyNnRlc3QlM2QlMjZ1dG1fY2FtcGFpZ25faWQlM2Q2Mzg1OTYyMjglMjZtc2Nsa2lkJTNkZGQzMjI0MTRjNWEyMTE1ZTdhMmU0ZTVlNWNmN2JhNzM&rlid=dd322414c5a2115e7a2e4e5e5cf7ba73&vqd=4-276392668348381641366435797928147434939&iurl={1}IG=1DA5A0E739B04CD1AE2B4841E2C96545&CID=1EB598265AAE6D23121A8FAB5B5C6C5F&ID=DevEx,5039.1",85,medium,Query: best AI tools make money 2026 | Learn Data Science online at your own pace. Start today and improve your skills.,2026-07-06 00:53:53,0,stable
Most Valuable Trading Card Game Cards 2026: Top 50,tcg,Web Search,,https://pregradecards.com/blog/most-valuable-tcg-cards-2026,75,medium,Query: trending TCG cards most valuable 2026 | Themostvaluablecommercially available tradingcardgamecardis the Alpha Black Lotu,2026-07-06 00:53:53,0,stable
Best TCGs to Collect in 2026: Rankings - Hall of Cards,tcg,Web Search,,https://hallofcards.app/blog-posts/best-tcgs-to-collect-2026-complete-ranking-new-collectors,75,medium,"Query: trending TCG cards most valuable 2026 | Ranking the best tradingcardgames to collect in2026from Pokemon to Lorcana, with",2026-07-06 00:53:53,0,stable
Jaw-Dropping Million-Dollar Sports and TCG Card Sales in 2026: What ...,tcg,Web Search,,https://athlonsports.com/collectibles/million-dollar-sports-tcg-card-sales-2026,75,medium,Query: trending TCG cards most valuable 2026 | Million-dollar sports andTCGcardsales in early2026signal sustained high-end dema,2026-07-06 00:53:53,0,stable
10 Most Valuable TCG Cards of 2026 - Card Gamer,tcg,Web Search,,https://cardgamer.com/best-lists/most-valuable-tcg-cards/,75,medium,"Query: trending TCG cards most valuable 2026 | Want to know what the current,mostexpensivecardsare for allTCGs? Let's take a lo",2026-07-06 00:53:53,0,stable
Mtg Card Prices — Complete Price Guide (2026) | Guardian TCG,tcg,Web Search,,https://guardiantcg.app/games/mtg/most-valuable,75,medium,Query: trending TCG cards most valuable 2026 | Complete Mtg price guide with real-time pricing for everycard. Track market tren,2026-07-06 00:53:53,0,stable
Real Rewards - Your Opinion Matters,ai-content,Web Search,,"https://duckduckgo.com/y.js?ad_domain=surveylama.com&ad_provider=bingv7aa&ad_type=txad&click_metadata=8nuMYYOGteC0vIvYnotao9N0Zu9sBtz6rXiLBnNezYbaFwDp5zYn5bO-rzx-imy7MYog17pUAcHeaRYyEObBxhI6rGbZXxvmED5cwibVNl-iJF0CogDffQAGWISqvUWJpkMqPzoff_IMH92_vzl8473cqKVKqTyrV6a9uhMkrhc.f5qM-wJeGQfTJ2zHtPLlDQ&rut=59c2caef2533d6e2ab82a8bb59df3f9bd13eedab64e39eded1801434a723dd1a&u3=https://www.bing.com/aclick?ld=e8x675TGOcKRy-gFdzD2IsATVUCUxn0tlLZMzAKWeJxgxsodGRnKKS0bvC2w6Zme9nK9D6F93QPAKFmlyzsJ_HmU5MOmwhtFmLX-NGpN4wChfjlhve3gIZTGQ5I_hq2qCYArEk0GVCmiR7cK3jjeodmdbJqUkdr6BAPgfHPdl67fmoqLpFEAk_mEG8KKikH9AJcP5ENmV2Dx2ulRzM14iOO7QFly4&u=aHR0cHMlM2ElMmYlMmZzdXJ2ZXlsYW1hLmNvbSUyZmVuJTNmc2MlM2Q0MyUyNm4lM2RzJTI2Y2lkJTNkNTkwMzcwOTM2JTI2YWlkJTNkMTE0NTY5MjkxNzU4MTM1MiUyNmtpZCUzZGt3ZC03MTYwNjUyODcxNjgwMiUyNmslM2RlYXJuJTI1MjBlYXN5JTI1MjBtb25leSUyNmNyaWQlM2QlMjZwJTNkJTI2cGNhdCUzZCUyNmRtJTNkJTI2ZHQlM2RjJTI2bXQlM2RwJTI2bXNjbGtpZCUzZDdjZDM2ZGNmOWI1MjE5NWRkYzlmMDc4NTAyMDc1ZTllJTI2dXRtX3NvdXJjZSUzZGJpbmclMjZ1dG1fbWVkaXVtJTNkY3BjJTI2dXRtX2NhbXBhaWduJTNkQUElMjUyMC0lMjUyMGVuJTI1MjAtJTI1MjBQRVJGT1JNQU5DRSUyNnV0bV90ZXJtJTNkZWFybiUyNTIwZWFzeSUyNTIwbW9uZXklMjZ1dG1fY29udGVudCUzZEFBJTI1MjAtJTI1MjBlbiUyNTIwLSUyNTIwR2VuZXJhbCUyNTIwTWFrZSUyNTIwTW9uZXk&rlid=7cd36dcf9b52195ddc9f078502075e9e&vqd=4-72327367341407462379173416054967695063&iurl={1}IG=1DA5A0E739B04CD1AE2B4841E2C96545&CID=1EB598265AAE6D23121A8FAB5B5C6C5F&ID=DevEx,5043.1",75,medium,"Query: best AI tools make money 2026 | Join SurveyLama, take short surveys and earn digital rewards. Your opinion matte",2026-07-06 00:53:53,0,stable
Solar rail could become common in Europe after successful trial in Switzerland,ai-content,Hacker News,,https://www.euronews.com/2026/07/05/italy-could-be-the-next-country-to-build-a-solar-railway-after-switzerlands-successful-tri,62,medium,HN story with 54 points,2026-07-06 00:53:53,0,stable
elder-plinius/T3MP3ST: autonomous red teaming platform; multi-agent offensive-security meta-harness,ai-content,GitHub Trending,,https://github.com/elder-plinius/T3MP3ST,100,low,New repo with 1766 stars today,2026-07-06 10:04:01,0,stable
mekos2772/ios-location-spoofer: Standalone iOS app to spoof GPS location without jailbreak. Includes Shadowrocke,ai-content,GitHub Trending,,https://github.com/mekos2772/ios-location-spoofer,100,low,New repo with 1330 stars today,2026-07-06 10:04:01,0,stable
"HUANGCHIHHUNGLeo/claude-real-video: Let Claude (or any LLM) actually watch a video — scene-aware, deduplicated frame",trending-products,GitHub Trending,,https://github.com/HUANGCHIHHUNGLeo/claude-real-video,100,low,New repo with 997 stars today,2026-07-06 10:04:01,0,stable
jamesob/local-llm: Everything I know about running LLMs locally,trending-products,GitHub Trending,,https://github.com/jamesob/local-llm,100,low,New repo with 927 stars today,2026-07-06 10:04:01,0,stable
"jmerelnyc/Talos: GPU worker client for the Talos network. Pairs with your Talos account, serves o",ai-content,GitHub Trending,,https://github.com/jmerelnyc/Talos,100,low,New repo with 680 stars today,2026-07-06 10:04:01,0,stable
uzairansaruzi/hermex: Native iPhone app for your Hermes agent,ai-content,GitHub Trending,,https://github.com/uzairansaruzi/hermex,100,low,New repo with 622 stars today,2026-07-06 10:04:01,0,stable
"Kulaxyz/token-diet: Always-on token-efficiency skill for coding agents (Claude Code, Codex, Cursor, ",trending-products,GitHub Trending,,https://github.com/Kulaxyz/token-diet,100,low,New repo with 588 stars today,2026-07-06 10:04:01,0,stable
CalmNoteDepot/MECCHA-VISION-ULTIMATE: 🎯 Meccha Vision Ultimate — Ultimate Enhancement Tool for MECCHA CHAMELEON ESP · ,ai-content,GitHub Trending,,https://github.com/CalmNoteDepot/MECCHA-VISION-ULTIMATE,100,low,New repo with 533 stars today,2026-07-06 10:04:01,0,stable
"TianhangZhuzth/Fundamental-Ava: Build digital human beings — autonomous, collaborative, and socially intelligent",ai-content,GitHub Trending,,https://github.com/TianhangZhuzth/Fundamental-Ava,100,low,New repo with 525 stars today,2026-07-06 10:04:01,0,stable
lingbol088-spec/reverse-flow-skill: 面向 AI Agent / Codex 的本地 CTF 逆向工程流程技能。加载后通过“真心为你”进入逆向模式，默认在本地沙盒、CTF、crackme、warga,ai-content,GitHub Trending,,https://github.com/lingbol088-spec/reverse-flow-skill,100,low,New repo with 393 stars today,2026-07-06 10:04:01,0,stable
"HKUDS/OpenOPC: OpenOPC: Build Your Personal AI-Native Company — Self-Built, Self-Run, Self-Grow",ai-content,GitHub Trending,,https://github.com/HKUDS/OpenOPC,100,low,New repo with 391 stars today,2026-07-06 10:04:01,0,stable
Archive228/loopkit: 33 battle-tested skills + minimal .claude harness for any coding agent (Claude C,trending-products,GitHub Trending,,https://github.com/Archive228/loopkit,100,low,New repo with 316 stars today,2026-07-06 10:04:01,0,stable
xt4d/GameBlocks: Concise and self-explanatory building blocks that help coding agents prototype b,trending-products,GitHub Trending,,https://github.com/xt4d/GameBlocks,100,low,New repo with 300 stars today,2026-07-06 10:04:01,0,stable
SuperJJ007/CSSwitch: 帮你的 Claude Science 一键接入你自己的 API：DeepSeek / 通义千问 / 智谱 GLM / Kimi / MiniMax / 小米 M,ai-content,GitHub Trending,,https://github.com/SuperJJ007/CSSwitch,100,low,New repo with 260 stars today,2026-07-06 10:04:01,0,stable
11 Best AI Tools to Make Money Online in 2026 | Easy Side Hustles,ai-content,Web Search,,https://www.allaboutai.com/best-ai-tools/productivity/money-making/,93,medium,"Cross-source: Web Search, Web Search | Query: best AI tools make money 2026 | In this guide, you'll find thebestAItoolstomakemoneyto start earning $300 to $10",2026-07-06 10:04:01,0,stable
15 Best AI Tools for Making Money in 2026 (Ranked by Income Potential),ai-content,Web Search,,https://richtactic.com/blog/best-ai-tools-making-money,90,medium,"Query: best AI tools make money 2026 | ThebestAItoolsfor makingmoneyranked by category: writing, image, video, coding, ",2026-07-06 10:04:01,0,stable
Master Generative AI- Beginner to Expert Guide - 2026,ai-content,Web Search,,"https://duckduckgo.com/y.js?ad_domain=udemy.com&ad_provider=bingv7aa&ad_type=txad&click_metadata=9y2IrgeOMavHpfOs3T85XJ1XO-l8bzIqD-E2KYO51hocpZGT8lWfLfmdGiG6QhlSMK-CXiEpRYIePHFKyywFO4E9D2-fVyv_OQtb0bLqEYsADVlFIanYyfDZK5CVJLvBizXrXTHRS74ncnZsgbV-Ri8Cdlcc5B-rHo0g6QoDmQ0.tEpyTbtzgfnXl0laLNF4xQ&rut=eb8787c769f922ff8e3ace9a857ed0086cbe2b76aa4f885b43a8670bfdf80e32&u3=https://www.bing.com/aclick?ld=e8PYT9jrALxMgY46ymnrOrMDVUCUx7p5-lV2bx4lN4NRQV0-TWbRDlDnAfxh-cCqYf8ZyMQPb62OmbCgg2s_ugoXW6xK_Eusnbzm5efQdx8hdCHOC0G7O8jPEVLniK9wVR7Vc4ffJrpnbF-6L7EYLpog4Nnc_AYBL5xo5bSWJkP4blPPYcbWp6dP8ZZWY5vlhZRpJhAnXBj_nTpVD1gEDeBR-aTk0&u=aHR0cHMlM2ElMmYlMmZ3d3cudWRlbXkuY29tJTJmY291cnNlJTJmZ2VuZXJhdGl2ZS1haS1mb3ItY29udGVudC1jcmVhdG9ycy1icmFuZHMtYW5kLXByb2Zlc3Npb25hbHMlMmYlM2Z1dG1fY2FtcGFpZ24lM2RCRy1TZWFyY2hfRFNBX0JldGFfUHJvZl9sYS5FTl9jYy5ST1ctRW5nbGlzaCUyNnV0bV9zb3VyY2UlM2RiaW5nJTI2dXRtX21lZGl1bSUzZHBhaWQtc2VhcmNoJTI2cG9ydGZvbGlvJTNkQmluZy1ST1ctRW5nbGlzaCUyNnV0bV9hdWRpZW5jZSUzZG14JTI2dXRtX3RhY3RpYyUzZG5iJTI2dXRtX3Rlcm0lM2RfLl9hZ18xMzIzODE0Mzg4NDU5ODUwXy5fYWRfXy5fa3dfQnVzaW5lc3MlMjUyMGVuJTI2dXRtX2NvbnRlbnQlM2RzJTI2ZnVubmVsJTNkJTI2dGVzdCUzZCUyNnV0bV9jYW1wYWlnbl9pZCUzZDYzODU5NjIyOSUyNm1zY2xraWQlM2Q4ZTdmODg3YjEyYzExN2EyMTg5ZGUyMzAwODg5MTI5Mg&rlid=8e7f887b12c117a2189de23008891292&vqd=4-249974035950469875094282090477611593196&iurl={1}IG=5FC4C1A8D95D4DF9B04238C240671D6D&CID=04D1A7DBE71863833253B055E69162A7&ID=DevEx,5039.1",85,medium,"Query: best AI tools make money 2026 | Find the right instructor for you. Choose from many topics, skill levels, and la",2026-07-06 10:04:01,0,stable
Top AI Tools in One Click - AI for Smarter Web Use,ai-content,Web Search,,"https://duckduckgo.com/y.js?ad_domain=sider.ai&ad_provider=bingv7aa&ad_type=txad&click_metadata=2AOrCQ_8Np90GmYLmO7zfoG9lAp8ZZjxv6utOzffRLP4RqC__Ev1TlY_ks8-pxt5dURxSxRVq_kFXwTKN1Ub-oDRlvj42V41J_j5mCraWeTlnizyT519iqMtigkE72qoaEu1jiKySp01AKDNlT5liRKQUvnHNk1lgqncDvyWV2g.ruCZVxQudRG5e826qqSYvQ&rut=db30d96b7dedf12f3c810a7a58a5852b62f84125ea305453586bcf29d2fa0267&u3=https://www.bing.com/aclick?ld=e8uWgjEZXaFMpB_3E1poLIlzVUCUzdhuEi7ycdSonxnUZRbQuoumdFLDT_43imyBVtqqniLxGxxSXKOWv44DEGIJWHd2YFbtN-prEuoWPDFylDQ5OeKYx7RB9uYRECSSpqSvLRsQsBVtPNK1Si8auFCFPYKD9whmnOHMoIVLHJbS8CqjpK4RZUYyoDceNvxh8bY08tK7QLPInzs2BHjJon8KJ4Irc&u=aHR0cHMlM2ElMmYlMmZzaWRlci5haSUyZmFwcHMlMmZscC1jaGF0Z3B0JTNmc291cmNlJTNkYiUyNnAxJTNkY2hhdGdwdCUyNnAyJTNkc2VhcmNoJTI2bXNjbGtpZCUzZGM1ZDlmZmVhOTBjYzFlY2E2ZDgxOTVhMThhODQ3Yjhk&rlid=c5d9ffea90cc1eca6d8195a18a847b8d&vqd=4-101183694961570831137935936285469225236&iurl={1}IG=5FC4C1A8D95D4DF9B04238C240671D6D&CID=04D1A7DBE71863833253B055E69162A7&ID=DevEx,5043.1",85,medium,Query: best AI tools make money 2026 | Join 4M+ users enjoyingAImultitasking. Add to your browser today! Streamline tas,2026-07-06 10:04:01,0,stable
31 Top Selling digital Products on Etsy in 2026 - outfy.com,digital-products,Web Search,,https://www.outfy.com/blog/top-selling-digital-products-on-etsy/,83,medium,"Cross-source: Web Search, Web Search | Query: trending digital products sell Etsy 2026 | Explore the 30 top-sellingdigitalproductsonEtsyand discover tips for creating an",2026-07-06 10:04:01,0,stable
Sell Digital Downloads on Etsy as a Graphic Designer,digital-products,Web Search,,"https://duckduckgo.com/y.js?ad_domain=udemy.com&ad_provider=bingv7aa&ad_type=txad&click_metadata=TeAkq-_wyjonIJCqNzabU0zz5vaw2JF-jKp_ZOi-zvGnsMGgTKCD-fVxq1SkaIGNrGhPou5pT_bD6XTDhUDzNAe30046T6jc77BfJ0TKATq1enDVtABdLUs9li6AfyGzDIKD_2DSrOIxXfGeE8V5-1X9XDrSOdM0SEq_VcXMA0k._buwSjR2ioSXPx3Jrc8fXQ&rut=fa2455dd2915f9fc7116cc3d2c81986374b050b3b82264612fa1630e20ee7958&u3=https://www.bing.com/aclick?ld=e8iZlftWdZmbJh32QoLXXTmTVUCUxrmOFJsX3S_TpB4ohZyy9CPlCAQhv4Wf5peYbLr5GUXFLn6cNi60cgS5jzQVTR1M6yY90Fg9dp-jnpgJ6zf1RcgikvyQJBDON799-3ByyEbXP_9j_7WLYSOBAwlF1XBJNI3wNkFqO7ryYNgqaSzNVEiRL_5hTIVKU_iaaq_fJgdDGQvWka7AnY6wR1NM-EKbI&u=aHR0cHMlM2ElMmYlMmZ3d3cudWRlbXkuY29tJTJmY291cnNlJTJmc2VsbC1kaWdpdGFsLWRvd25sb2Fkcy1vbi1ldHN5LWNvbXBsZXRlLWd1aWRlLTIwMjIlMmYlM2Z1dG1fY2FtcGFpZ24lM2RCRy1TZWFyY2hfRFNBX0JldGFfUHJvZl9sYS5FTl9jYy5ST1ctRW5nbGlzaCUyNnV0bV9zb3VyY2UlM2RiaW5nJTI2dXRtX21lZGl1bSUzZHBhaWQtc2VhcmNoJTI2cG9ydGZvbGlvJTNkQmluZy1ST1ctRW5nbGlzaCUyNnV0bV9hdWRpZW5jZSUzZG14JTI2dXRtX3RhY3RpYyUzZG5iJTI2dXRtX3Rlcm0lM2RfLl9hZ18xMzIzODE0Mzg4NDU5ODUwXy5fYWRfXy5fa3dfQnVzaW5lc3MlMjUyMGVuJTI2dXRtX2NvbnRlbnQlM2RzJTI2ZnVubmVsJTNkJTI2dGVzdCUzZCUyNnV0bV9jYW1wYWlnbl9pZCUzZDYzODU5NjIyOSUyNm1zY2xraWQlM2RlNWYzOTNhZTM5MjgxNGRlNGE1OWY5ZTUyMzYxNDhlNw&rlid=e5f393ae392814de4a59f9e5236148e7&vqd=4-32590853646903070264366213724719225929&iurl={1}IG=CEACFB59B582464E850993294CE01DAD&CID=013BF30D4D9A61742708E4834C68609E&ID=DevEx,5039.1",80,medium,"Query: trending digital products sell Etsy 2026 | Find the right instructor for you. Choose from many topics, skill levels, and la",2026-07-06 10:04:01,0,stable
Top-Selling Niches on Etsy in 2026: Discover Profitable Etsy Niche ...,digital-products,Web Search,,https://www.swagify.com/blog/unlock-profitable-etsy-niche-ideas-for-2026-success/,80,medium,"Query: trending digital products sell Etsy 2026 | Here we cover the macro trends drivingEtsyin2026, rank the top‑selling niches wi",2026-07-06 10:04:01,0,stable
"Digital Products To Sell on Etsy in 2026: 6 Top Trends ($16,980/Mo)",digital-products,Web Search,,https://dylanjahraus.com/digital-products-to-sell-on-etsy-in-2026-6-top-trends-16980-mo/,80,medium,Query: trending digital products sell Etsy 2026 | Discover the topdigitalproducttrends for 2025 and learn whichdigitalproductstose,2026-07-06 10:04:01,0,stable
Most Valuable Trading Card Game Cards 2026: Top 50,tcg,Web Search,,https://pregradecards.com/blog/most-valuable-tcg-cards-2026,75,medium,Query: trending TCG cards most valuable 2026 | Themostvaluablecommercially available tradingcardgamecardis the Alpha Black Lotu,2026-07-06 10:04:01,0,stable
Best TCGs to Collect in 2026: Rankings - Hall of Cards,tcg,Web Search,,https://hallofcards.app/blog-posts/best-tcgs-to-collect-2026-complete-ranking-new-collectors,75,medium,"Query: trending TCG cards most valuable 2026 | Ranking the best tradingcardgames to collect in2026from Pokemon to Lorcana, with",2026-07-06 10:04:01,0,stable
10 Most Valuable TCG Cards of 2026 - Card Gamer,tcg,Web Search,,https://cardgamer.com/best-lists/most-valuable-tcg-cards/,75,medium,"Query: trending TCG cards most valuable 2026 | Want to know what the current,mostexpensivecardsare for allTCGs? Let's take a lo",2026-07-06 10:04:01,0,stable
Jaw-Dropping Million-Dollar Sports and TCG Card Sales in 2026: What ...,tcg,Web Search,,https://athlonsports.com/collectibles/million-dollar-sports-tcg-card-sales-2026,75,medium,Query: trending TCG cards most valuable 2026 | Million-dollar sports andTCGcardsales in early2026signal sustained high-end dema,2026-07-06 10:04:01,0,stable
TCG Market Report May 2026: Price Moves & Trends | Home Town Cards ...,tcg,Web Search,,https://www.hometown.cards/news/tcg-market-may-2026-whats-moving,75,medium,"Query: trending TCG cards most valuable 2026 | May2026tradingcardmarket analysis. Pokemon up 116% YoY, Magic Pro Tour price spi",2026-07-06 10:04:01,0,stable
New AI tutor achieves 0.71-1.30 SD effect size in Dartmouth course [pdf],courses,Hacker News,,https://intextbooks.science.uu.nl/workshop2026/files/itb26_s1s2.pdf,66,medium,HN story with 134 points,2026-07-06 10:04:01,0,stable
Mr. Baby Paint and accidentally discovering a new cellular automata,ai-content,Hacker News,,https://tekstien-marginaalien-keskus.aalto.fi/residenssi/heikki/blog/004-december-2/,65,medium,HN story with 118 points,2026-07-06 10:04:01,0,stable
Zuckerberg says AI agent development going slower than expected,ai-content,Hacker News,,https://www.reuters.com/business/zuckerberg-says-ai-agent-development-going-slower-than-expected-2026-07-02/,65,medium,HN story with 104 points,2026-07-06 10:04:01,0,stable
Al Vigier: Canada's AI strategy shouldn't include secret Palantir bills,ai-content,Hacker News,,https://www.readtheline.ca/p/al-vigier-canadas-ai-strategy-shouldnt,64,medium,HN story with 97 points,2026-07-06 10:04:01,0,stable
Delta flight hit by firework while landing at Midway Airport on Fourth of July,ai-content,Hacker News,,https://www.nbcchicago.com/news/local/delta-flight-hit-by-firework-while-landing-at-midway-airport-on-fourth-of-july/3957451/,63,medium,HN story with 75 points,2026-07-06 10:04:01,0,stable
elder-plinius/T3MP3ST: autonomous red teaming platform; multi-agent offensive-security meta-harness,ai-content,GitHub Trending,,https://github.com/elder-plinius/T3MP3ST,100,low,New repo with 2443 stars today,2026-07-07 00:58:49,0,stable
jamesob/local-llm: Everything I know about running LLMs locally,trending-products,GitHub Trending,,https://github.com/jamesob/local-llm,100,low,New repo with 1037 stars today,2026-07-07 00:58:49,0,stable
"jmerelnyc/Talos: GPU worker client for the Talos network. Pairs with your Talos account, serves o",ai-content,GitHub Trending,,https://github.com/jmerelnyc/Talos,100,low,New repo with 720 stars today,2026-07-07 00:58:49,0,stable
synthetic-sciences/openscience: The open-source AI workbench for scientific research,ai-content,GitHub Trending,,https://github.com/synthetic-sciences/openscience,100,low,New repo with 659 stars today,2026-07-07 00:58:49,0,stable
uzairansaruzi/hermex: Native iPhone app for your Hermes agent,ai-content,GitHub Trending,,https://github.com/uzairansaruzi/hermex,100,low,New repo with 647 stars today,2026-07-07 00:58:49,0,stable
"Kulaxyz/token-diet: Always-on token-efficiency skill for coding agents (Claude Code, Codex, Cursor, ",trending-products,GitHub Trending,,https://github.com/Kulaxyz/token-diet,100,low,New repo with 594 stars today,2026-07-07 00:58:49,0,stable
"HKUDS/OpenOPC: OpenOPC: Build Your Personal AI-Native Company — Self-Built, Self-Run, Self-Grow",ai-content,GitHub Trending,,https://github.com/HKUDS/OpenOPC,100,low,New repo with 494 stars today,2026-07-07 00:58:49,0,stable
xt4d/GameBlocks: Concise and self-explanatory building blocks that help coding agents prototype b,trending-products,GitHub Trending,,https://github.com/xt4d/GameBlocks,100,low,New repo with 320 stars today,2026-07-07 00:58:49,0,stable
Pluviobyte/rnskill: 雪踏乌云的 AI Agent Skills 集合,ai-content,GitHub Trending,,https://github.com/Pluviobyte/rnskill,100,low,New repo with 318 stars today,2026-07-07 00:58:49,0,stable
funador/claude-code-merge-queue: The local merge queue for parallel Claude Code agents. ,trending-products,GitHub Trending,,https://github.com/funador/claude-code-merge-queue,100,low,New repo with 295 stars today,2026-07-07 00:58:49,0,stable
lxh77721/k12-reg: 多线程全自动注册free 强上K12空间 gmail版,ai-content,GitHub Trending,,https://github.com/lxh77721/k12-reg,100,low,New repo with 283 stars today,2026-07-07 00:58:49,0,stable
10 AI Side Hustles That Make Real Money in 2026 - LinkedIn,ai-content,Web Search,,https://www.linkedin.com/pulse/10-ai-powered-side-hustles-actually-make-money-2026-nisarth-patel-kgl8f,93,medium,"Cross-source: Web Search, Web Search | Query: best AI tools make money 2026 | 10 provenAI-powered side hustles with startup costs, income potential, andtoolsn",2026-07-07 00:58:49,0,stable
11 Best AI Tools to Make Money Online in 2026 | Easy Side Hustles,ai-content,Web Search,,https://www.allaboutai.com/best-ai-tools/productivity/money-making/,90,medium,"Query: best AI tools make money 2026 | In this guide, you'll find thebestAItoolstomakemoneyto start earning $300 to $10",2026-07-07 00:58:49,-3,stable
15 Best AI Tools for Making Money in 2026 (Ranked by Income Potential),ai-content,Web Search,,https://richtactic.com/blog/best-ai-tools-making-money,90,medium,"Query: best AI tools make money 2026 | ThebestAItoolsfor makingmoneyranked by category: writing, image, video, coding, ",2026-07-07 00:58:49,0,stable
Generative AI Course - Build Generative AI Apps,ai-content,Web Search,,"https://duckduckgo.com/y.js?ad_domain=udemy.com&ad_provider=bingv7aa&ad_type=txad&click_metadata=8DcHLGlau_U8RM2fpmPXIgrhQQfcfzumfW-kKB0bE7lRILYkyd8wZ5K9vRXJVR0NrBdyIHPMBxVIte1XmLczISj30JHn3Yn9jyVqfspS0W8po6h5zmTY5QBKa-pKK19mECDzrw6fpuMoYHvRkXci7CvLH6My6EI4Otl71afVTUI.GSb8QMQ5xrQZ1oHmTQ2G3Q&rut=751bcc30bfa9cf8e45931e52c9bc54b3d7a732a221353f98c7db492c85e472fb&u3=https://www.bing.com/aclick?ld=e8xsLjjG7m3nP46VT6CjlqKDVUCUxxoRoLEGY-1jpk0Ei5mYRd-7eiKCQ3-jxdJQnvQy5SUWEMqM3CrnMhkAhvxPs26ZwA0zQFtCzE7V68RkFnwuFJgeqSm7vwZwRHeVHNe_n8ixXekGMQ_aSYvTZz4hYF2gz557sGyOrIBh9OyPvfUbLc9Ozvw6oyS5LrdUDQyUZyOBh69_jCeSSgY-5GIuBugBg&u=aHR0cHMlM2ElMmYlMmZ3d3cudWRlbXkuY29tJTJmY291cnNlJTJmYnVpbGQtZ2VuZXJhdGl2ZS1haS1hcHBzJTJmJTNmdXRtX2NhbXBhaWduJTNkQkctU2VhcmNoX0RTQV9CZXRhX1Byb2ZfbGEuRU5fY2MuUk9XLUVuZ2xpc2glMjZ1dG1fc291cmNlJTNkYmluZyUyNnV0bV9tZWRpdW0lM2RwYWlkLXNlYXJjaCUyNnBvcnRmb2xpbyUzZEJpbmctUk9XLUVuZ2xpc2glMjZ1dG1fYXVkaWVuY2UlM2RteCUyNnV0bV90YWN0aWMlM2RuYiUyNnV0bV90ZXJtJTNkXy5fYWdfMTMyODIxMjQzNDc1Njk1OF8uX2FkX18uX2t3X09mZlByb2QlMjUyMGVuJTI2dXRtX2NvbnRlbnQlM2RzJTI2ZnVubmVsJTNkJTI2dGVzdCUzZCUyNnV0bV9jYW1wYWlnbl9pZCUzZDYzODU5NjIyOSUyNm1zY2xraWQlM2QzNjBjNjFjZjIzZTQxNjQ5YWQwYTBiODRjODFiZWM1Yg&rlid=360c61cf23e41649ad0a0b84c81bec5b&vqd=4-36991532050792335939493444814910861598&iurl={1}IG=6B34446F05204860B6949E1412825B46&CID=35584316BB4F69670DD85498BABD6876&ID=DevEx,5039.1",85,medium,"Query: best AI tools make money 2026 | Find the right instructor for you. Choose from many topics, skill levels, and la",2026-07-07 00:58:49,0,stable
Real-time map of Great Britain's rail network,ai-content,Hacker News,,https://www.map.signalbox.io,76,medium,HN story with 323 points,2026-07-07 00:58:49,0,stable
Most Valuable Trading Card Game Cards 2026: Top 50,tcg,Web Search,,https://pregradecards.com/blog/most-valuable-tcg-cards-2026,75,medium,Query: trending TCG cards most valuable 2026 | Themostvaluablecommercially available tradingcardgamecardis the Alpha Black Lotu,2026-07-07 00:58:49,0,stable
Best TCGs to Collect in 2026: Rankings - Hall of Cards,tcg,Web Search,,https://hallofcards.app/blog-posts/best-tcgs-to-collect-2026-complete-ranking-new-collectors,75,medium,"Query: trending TCG cards most valuable 2026 | Ranking the best tradingcardgames to collect in2026from Pokemon to Lorcana, with",2026-07-07 00:58:49,0,stable
Jaw-Dropping Million-Dollar Sports and TCG Card Sales in 2026: What ...,tcg,Web Search,,https://athlonsports.com/collectibles/million-dollar-sports-tcg-card-sales-2026,75,medium,Query: trending TCG cards most valuable 2026 | Million-dollar sports andTCGcardsales in early2026signal sustained high-end dema,2026-07-07 00:58:49,0,stable
10 Most Valuable TCG Cards of 2026 - Card Gamer,tcg,Web Search,,https://cardgamer.com/best-lists/most-valuable-tcg-cards/,75,medium,"Query: trending TCG cards most valuable 2026 | Want to know what the current,mostexpensivecardsare for allTCGs? Let's take a lo",2026-07-07 00:58:49,0,stable
Most Valuable Yu-Gi-Oh! Cards — Top 50 Prices (2026) | Guardian TCG,tcg,Web Search,,https://guardiantcg.app/price-guides/yugioh,75,medium,Query: trending TCG cards most valuable 2026 | Top 50mostvaluableYu-Gi-Oh!cardsranked by price in2026. Live prices updated dail,2026-07-07 00:58:49,0,stable
AMD Ryzen AI Halo – $4k AI Dev Kit,ai-content,Hacker News,,https://www.lttlabs.com/articles/2026/07/06/amd-ryzen-ai-halo,66,medium,HN story with 128 points,2026-07-07 00:58:49,0,stable
Building relationships with customers through support didn't turn out as hoped,trending-products,Hacker News,,https://www.uncommonapps.nyc/p/castro-podcasts-things-i-got-wrong-support,64,medium,HN story with 280 points,2026-07-07 00:58:49,0,stable
Nintendo announces new product revisions in Europe with replaceable batteries,trending-products,Hacker News,,https://www.nintendo.com/en-gb/Support/Nintendo-Switch-2/Information-about-upcoming-battery-related-revisions-to-some-Nintendo-products-3132901.html,60,medium,HN story with 211 points,2026-07-07 00:58:49,0,stable
